salesorderid,ordermonth,territoryid,subtotal,taxamt,freight,totaldue,customerid
4000,2018-10,2,1867.9400426683374,140.0955032001253,46.69850106670844,2008.0355458684626,2079
4001,2018-08,7,1037.8051087290623,77.83538315467968,25.94512771822656,1115.640491883742,2058
4002,2018-08,3,2318.1647625406504,173.86235719054878,57.95411906351626,2492.027119731199,2016
4003,2018-08,1,2104.22986723532,157.817240042649,52.605746680883,2262.0471072779687,2042
4004,2018-03,6,2370.179347712942,177.76345107847067,59.254483692823555,2547.9427987914128,2067
4005,2018-05,8,1078.934365009996,80.9200773757497,26.973359125249903,1159.8544423857459,2055
4006,2018-07,5,900.3227133346401,67.524203500098,22.508067833366002,967.8469168347381,2057
4007,2018-05,5,1720.0294820306863,129.00221115230147,43.00073705076716,1849.0316931829877,2050
4008,2018-11,7,994.5347728977076,74.59010796732807,24.863369322442693,1069.1248808650357,2096
4009,2018-06,9,586.1241262414949,43.95930946811212,14.653103156037373,630.083435709607,2034
4010,2018-04,8,1130.8351654298,84.812637407235,28.270879135745005,1215.6478028370352,2080
4011,2018-01,1,1293.4926320517138,97.01194740387854,32.337315801292846,1390.5045794555924,2083
4012,2018-10,7,2200.7814254403797,165.05860690802848,55.01953563600949,2365.8400323484084,2035
4013,2018-03,8,2023.3686837125854,151.7526512784439,50.58421709281464,2175.1213349910295,2098
4014,2018-07,0,2172.761411005374,162.95710582540306,54.319035275134354,2335.7185168307774,2029
4015,2018-09,7,1326.6162523594357,99.49621892695768,33.165406308985894,1426.1124712863934,2076
4016,2018-05,7,774.3332164395594,58.07499123296695,19.358330410988984,832.4082076725263,2061
4017,2018-04,0,1856.60050570508,139.245037927881,46.415012642627005,1995.845543632961,2029
4018,2018-12,9,2293.305106008082,171.99788295060614,57.332627650202056,2465.3029889586883,2073
4019,2018-12,4,1796.8770062393635,134.76577546795227,44.92192515598409,1931.6427817073159,2054
4020,2018-07,4,678.8207145558738,50.911553591690534,16.970517863896845,729.7322681475644,2019
4021,2018-05,1,1975.3099264283082,148.14824448212312,49.382748160707706,2123.4581709104314,2004
4022,2018-12,3,1323.6733187800194,99.27549890850145,33.09183296950049,1422.9488176885209,2071
4023,2018-04,1,2036.8851603646817,152.76638702735113,50.92212900911704,2189.6515473920326,2063
4024,2018-11,5,2017.5283793241676,151.31462844931258,50.438209483104195,2168.84300777348,2052
4025,2018-10,6,2446.8347077956905,183.51260308467678,61.170867694892266,2630.3473108803673,2004
4026,2018-04,5,2357.386061129884,176.80395458474132,58.93465152824711,2534.1900157146256,2058
4027,2018-07,5,686.7089947057121,51.50317460292841,17.167724867642804,738.2121693086406,2042
4028,2018-03,6,935.4822163045417,70.16116622284062,23.387055407613545,1005.6433825273823,2015
4029,2018-11,9,534.0984920889405,40.05738690667054,13.352462302223513,574.155878995611,2009
4030,2018-07,7,916.4705200842434,68.73528900631825,22.911763002106085,985.2058090905616,2097
4031,2018-10,1,1167.8377284111336,87.58782963083502,29.195943210278344,1255.4255580419685,2092
4032,2018-03,0,1278.9878883422075,95.92409162566555,31.974697208555188,1374.911979967873,2060
4033,2018-01,0,747.9677844792394,56.097583835942956,18.699194611980985,804.0653683151824,2010
4034,2018-05,1,624.3289898668336,46.82467424001252,15.60822474667084,671.1536641068461,2052
4035,2018-02,5,1086.1939499258037,81.46454624443528,27.154848748145096,1167.658496170239,2047
4036,2018-05,9,1064.1516522992606,79.81137392244455,26.603791307481515,1143.9630262217051,2096
4037,2018-08,8,2273.3673132984604,170.50254849738454,56.834182832461515,2443.869861795845,2027
4038,2018-08,2,1625.9421453075574,121.9456608980668,40.64855363268894,1747.8878062056242,2073
4039,2018-07,9,824.9502842010647,61.87127131507985,20.62375710502662,886.8215555161446,2064
4040,2018-05,1,1427.1844033523564,107.03883025142673,35.67961008380891,1534.2232336037832,2011
4041,2018-07,6,2096.0602891162116,157.20452168371585,52.40150722790529,2253.2648107999275,2096
4042,2018-07,0,1637.7525424632827,122.8314406847462,40.94381356158207,1760.583983148029,2040
4043,2018-10,8,1506.2948063385677,112.97211047539257,37.6573701584642,1619.2669168139603,2007
4044,2018-11,7,1947.265687998804,146.0449265999103,48.6816421999701,2093.3106145987144,2029
4045,2018-09,7,1489.1775893931322,111.68831920448491,37.229439734828304,1600.8659085976171,2018
4046,2018-10,5,1837.103162248237,137.78273716861776,45.92757905620593,1974.8858994168547,2083
4047,2018-06,4,1565.8664883455801,117.43998662591851,39.146662208639505,1683.3064749714986,2086
4048,2018-08,0,1976.2112637893617,148.21584478420212,49.40528159473405,2124.427108573564,2014
4049,2018-08,1,710.6265653900641,53.29699240425481,17.765664134751603,763.9235577943189,2099
4050,2018-03,8,568.472027413943,42.63540205604573,14.211800685348576,611.1074294699887,2100
4051,2018-01,1,923.8472870578063,69.28854652933546,23.096182176445158,993.1358335871417,2002
4052,2018-11,9,2104.0536283454317,157.80402212590738,52.601340708635796,2261.857650471339,2012
4053,2018-07,1,1427.2676066812119,107.04507050109089,35.6816901670303,1534.3126771823027,2020
4054,2018-12,3,723.2494804816989,54.243711036127415,18.081237012042475,777.4931915178263,2100
4055,2018-11,7,722.4478074354583,54.18358555765938,18.061195185886458,776.6313929931177,2071
4056,2018-06,4,2146.0467439667855,160.9535057975089,53.65116859916964,2307.0002497642945,2046
4057,2018-03,2,1481.7699616331815,111.13274712248861,37.04424904082954,1592.9027087556701,2042
4058,2018-12,7,1952.0663971276053,146.4049797845704,48.80165992819013,2098.471376912176,2008
4059,2018-12,0,1704.852974621023,127.86397309657671,42.621324365525574,1832.7169477175996,2010
4060,2018-10,4,1195.1614458797649,89.63710844098236,29.879036146994125,1284.7985543207471,2061
4061,2018-07,9,1341.113173824759,100.58348803685693,33.527829345618976,1441.6966618616161,2039
4062,2018-04,2,1586.6687219128357,119.00015414346268,39.66671804782089,1705.6688760562984,2078
4063,2018-05,6,1767.8567179631088,132.58925384723315,44.19641794907773,1900.445971810342,2057
4064,2018-11,2,2182.210104522648,163.66575783919862,54.55525261306621,2345.875862361847,2073
4065,2018-01,0,1551.1473589773163,116.33605192329873,38.77868397443291,1667.4834109006151,2054
4066,2018-06,2,1658.101117625051,124.35758382187882,41.45252794062628,1782.4587014469298,2062
4067,2018-06,4,1205.5282748902127,90.41462061676596,30.13820687225532,1295.9428955069786,2053
4068,2018-12,8,863.5424951148891,64.76568713361668,21.58856237787223,928.3081822485058,2098
4069,2018-11,4,728.866783877296,54.6650087907972,18.2216695969324,783.5317926680932,2003
4070,2018-06,9,944.4899822019306,70.8367486651448,23.612249555048265,1015.3267308670754,2006
4071,2018-07,6,805.5861277216245,60.41895957912183,20.139653193040616,866.0050873007464,2051
4072,2018-10,7,1932.1024294224544,144.9076822066841,48.302560735561364,2077.0101116291385,2014
4073,2018-11,9,1639.3800350776253,122.95350263082189,40.984500876940636,1762.3335377084472,2021
4074,2018-11,5,1167.7535461436682,87.58151596077512,29.19383865359171,1255.3350621044433,2083
4075,2018-12,3,2455.425820241081,184.15693651808107,61.38564550602703,2639.5827567591623,2070
4076,2018-10,4,2185.038929934863,163.87791974511472,54.62597324837158,2348.916849679978,2013
4077,2018-12,9,1528.355502411146,114.62666268083595,38.208887560278654,1642.982165091982,2098
4078,2018-07,6,1279.6402385552237,95.97301789164177,31.991005963880596,1375.6132564468655,2079
4079,2018-03,6,740.4942889914843,55.53707167436132,18.512357224787106,796.0313606658456,2068
4080,2018-10,3,588.159199196727,44.11193993975452,14.703979979918174,632.2711391364815,2041
4081,2018-09,8,2270.5240432442015,170.28930324331512,56.76310108110504,2440.813346487517,2015
4082,2018-09,7,673.293940390751,50.49704552930633,16.832348509768774,723.7909859200573,2089
4083,2018-07,9,1355.8660077050167,101.68995057787625,33.89665019262542,1457.555958282893,2046
4084,2018-02,1,2298.4996788593126,172.38747591444843,57.46249197148282,2470.887154773761,2034
4085,2018-11,0,2484.691905754822,186.35189293161164,62.11729764387056,2671.0437986864335,2090
4086,2018-09,4,1669.9464540067345,125.24598405050509,41.74866135016836,1795.1924380572395,2015
4087,2018-10,5,1254.0239364605159,94.05179523453869,31.350598411512898,1348.0757316950546,2066
4088,2018-03,4,2306.044701416699,172.95335260625242,57.65111753541748,2478.9980540229512,2025
4089,2018-10,3,2039.1989577991847,152.93992183493884,50.97997394497962,2192.1388796341234,2009
4090,2018-08,3,604.1871660675951,45.31403745506963,15.104679151689878,649.5012035226647,2022
4091,2018-01,2,1624.237224442362,121.81779183317715,40.60593061105905,1746.0550162755392,2010
4092,2018-07,8,1190.5807717993234,89.29355788494925,29.76451929498309,1279.8743296842727,2016
4093,2018-09,4,1127.6584117767607,84.57438088325705,28.191460294419016,1212.2327926600178,2022
4094,2018-04,9,886.6056876038349,66.49542657028762,22.165142190095874,953.1011141741225,2099
4095,2018-12,1,959.4353231767341,71.95764923825506,23.985883079418354,1031.3929724149891,2091
4096,2018-12,5,2334.385176078295,175.07888820587212,58.35962940195738,2509.4640642841673,2041
4097,2018-03,9,2251.0323394346124,168.82742545759592,56.27580848586531,2419.859764892208,2015
4098,2018-06,5,1586.8386848119105,119.01290136089328,39.67096712029777,1705.8515861728038,2063
4099,2018-01,9,1460.2639338551985,109.51979503913988,36.50659834637997,1569.7837288943383,2072
4100,2018-10,6,854.1971067524789,64.06478300643592,21.354927668811975,918.2618897589149,2083
4101,2018-05,6,1378.0051346172177,103.35038509629132,34.450128365430444,1481.355519713509,2081
4102,2018-07,1,604.487070305463,45.33653027290973,15.112176757636576,649.8236005783727,2086
4103,2018-04,0,1509.8563211059586,113.23922408294689,37.74640802764897,1623.0955451889056,2044
4104,2018-11,3,892.6903106244744,66.95177329683557,22.31725776561186,959.6420839213099,2095
4105,2018-05,5,720.4486989786252,54.03365242339689,18.01121747446563,774.4823514020221,2019
4106,2018-09,1,2031.1371290701125,152.33528468025844,50.778428226752816,2183.472413750371,2021
4107,2018-12,0,1946.7948882068977,146.00961661551733,48.669872205172446,2092.804504822415,2073
4108,2018-03,8,1561.5661571293444,117.11746178470082,39.03915392823362,1678.6836189140454,2096
4109,2018-09,5,1478.145522732455,110.86091420493412,36.95363806831138,1589.006436937389,2061
4110,2018-11,2,1545.7232070489351,115.92924052867014,38.64308017622338,1661.6524475776052,2044
4111,2018-04,8,1440.16854308982,108.01264073173651,36.0042135772455,1548.1811838215567,2022
4112,2018-05,4,1451.0063475527418,108.82547606645564,36.27515868881854,1559.8318236191974,2092
4113,2018-05,2,2040.859154668151,153.06443660011132,51.021478866703774,2193.9235912682625,2081
4114,2018-06,2,681.27080611199,51.095310458399254,17.03177015279975,732.3661165703893,2037
4115,2018-10,2,523.7593695052034,39.28195271289025,13.093984237630085,563.0413222180937,2065
4116,2018-11,9,1387.4259756241672,104.05694817181254,34.68564939060418,1491.4829237959798,2025
4117,2018-12,2,1023.6683013009524,76.77512259757142,25.591707532523813,1100.4434238985239,2036
4118,2018-11,9,755.6228714645628,56.6717153598422,18.89057178661407,812.294586824405,2014
4119,2018-02,0,1215.970784362269,91.19780882717016,30.399269609056724,1307.168593189439,2095
4120,2018-07,8,1092.6519754970318,81.94889816227739,27.316299387425797,1174.6008736593092,2037
4121,2018-08,2,1337.7223671875395,100.32917753906545,33.44305917968849,1438.051544726605,2041
4122,2018-01,4,1736.9475080253685,130.27106310190263,43.42368770063422,1867.2185711272712,2093
4123,2018-06,0,1304.0362353743278,97.80271765307458,32.6009058843582,1401.8389530274023,2021
4124,2018-08,0,1180.7903870586197,88.55927902939648,29.519759676465494,1269.3496660880162,2007
4125,2018-03,9,535.4293972005571,40.15720479004178,13.385734930013928,575.5866019905989,2026
4126,2018-03,5,711.0407173096203,53.32805379822152,17.77601793274051,764.3687711078418,2095
4127,2018-03,9,1560.297549576542,117.02231621824065,39.00743873941355,1677.3198657947826,2001
4128,2018-02,1,1605.6831808950587,120.4262385671294,40.14207952237647,1726.109419462188,2090
4129,2018-10,3,2287.145210299712,171.53589077247838,57.1786302574928,2458.6811010721904,2004
4130,2018-07,3,2142.338788172906,160.67540911296794,53.55846970432265,2303.0141972858737,2011
4131,2018-01,9,1658.0140617398783,124.35105463049086,41.450351543496964,1782.3651163703692,2076
4132,2018-03,5,1851.6612474260069,138.87459355695051,46.29153118565017,1990.5358409829573,2066
4133,2018-05,9,2070.9691000212997,155.32268250159748,51.7742275005325,2226.2917825228974,2086
4134,2018-12,5,1998.8858370196713,149.91643777647533,49.97214592549179,2148.802274796147,2087
4135,2018-06,4,2378.25390761685,178.36904307126375,59.456347690421254,2556.6229506881136,2037
4136,2018-12,6,540.3748634287273,40.52811475715455,13.509371585718183,580.9029781858818,2070
4137,2018-10,3,1056.0974287156032,79.20730715367024,26.402435717890082,1135.3047358692734,2055
4138,2018-07,3,2251.887455753422,168.89155918150664,56.297186393835545,2420.7790149349285,2067
4139,2018-04,4,1480.2133767231876,111.01600325423907,37.00533441807969,1591.2293799774266,2097
4140,2018-11,6,2047.292309935008,153.54692324512558,51.1823077483752,2200.8392331801338,2021
4141,2018-09,1,1264.627025204844,94.8470268903633,31.6156756301211,1359.4740520952073,2042
4142,2018-09,3,1779.2828335061288,133.44621251295965,44.482070837653225,1912.7290460190884,2009
4143,2018-03,3,1860.5189366189059,139.53892024641794,46.51297341547265,2000.0578568653239,2089
4144,2018-06,6,505.4558097924202,37.90918573443152,12.636395244810506,543.3649955268518,2097
4145,2018-10,5,745.4219388703689,55.906645415277666,18.635548471759222,801.3285842856466,2042
4146,2018-06,7,643.9944572590423,48.29958429442817,16.099861431476057,692.2940415534705,2096
4147,2018-09,7,886.036599116149,66.45274493371117,22.150914977903724,952.4893440498602,2029
4148,2018-06,5,2228.2899367521636,167.12174525641225,55.70724841880409,2395.411682008576,2072
4149,2018-03,0,2237.0039193989696,167.77529395492272,55.925097984974244,2404.7792133538924,2072
4150,2018-04,4,1221.873068321218,91.64048012409134,30.54682670803045,1313.5135484453092,2007
4151,2018-09,5,1097.7122847893338,82.32842135920004,27.442807119733345,1180.040706148534,2042
4152,2018-11,9,2247.2187712550294,168.5414078441272,56.180469281375736,2415.7601790991566,2052
4153,2018-06,0,1064.9043631634504,79.86782723725878,26.62260907908626,1144.7721904007092,2083
4154,2018-10,2,1724.079696933309,129.30597726999815,43.101992423332725,1853.3856742033072,2055
4155,2018-12,7,1445.8944667897663,108.44208500923247,36.14736166974416,1554.3365517989987,2006
4156,2018-07,1,2370.3771056083096,177.7782829206232,59.25942764020775,2548.1553885289327,2090
4157,2018-01,5,623.6917452677404,46.77688089508053,15.592293631693511,670.468626162821,2097
4158,2018-10,6,758.9569865569614,56.921773991772106,18.973924663924034,815.8787605487335,2003
4159,2018-08,5,951.65646546745,71.37423491005875,23.79141163668625,1023.0307003775087,2069
4160,2018-05,5,966.3661567944368,72.47746175958277,24.159153919860923,1038.8436185540197,2064
4161,2018-09,2,1411.2498880127814,105.84374160095861,35.281247200319534,1517.09362961374,2091
4162,2018-11,4,1057.6196735303706,79.32147551477779,26.440491838259266,1136.9411490451484,2015
4163,2018-07,4,1918.694259848309,143.90206948862317,47.96735649620773,2062.5963293369323,2081
4164,2018-05,9,641.9149916413382,48.143624373100366,16.047874791033458,690.0586160144386,2024
4165,2018-10,2,586.2858458966853,43.97143844225139,14.657146147417132,630.2572843389366,2002
4166,2018-08,5,1056.355760156413,79.22668201173097,26.408894003910326,1135.5824421681439,2037
4167,2018-09,1,1718.00525379212,128.850394034409,42.950131344803,1846.8556478265289,2076
4168,2018-09,4,2399.781805622536,179.9836354216902,59.9945451405634,2579.765441044226,2086
4169,2018-08,2,1435.7447857931952,107.68085893448963,35.89361964482988,1543.4256447276848,2028
4170,2018-08,0,874.895558029279,65.61716685219592,21.872388950731974,940.5127248814749,2060
4171,2018-03,8,1423.4716202191967,106.76037151643975,35.58679050547992,1530.2319917356365,2086
4172,2018-12,6,1728.2549117011242,129.6191183775843,43.20637279252811,1857.8740300787085,2072
4173,2018-07,6,2088.9818808062196,156.67364106046645,52.22454702015549,2245.655521866686,2027
4174,2018-03,1,1723.9383710898378,129.29537783173782,43.09845927724595,1853.2337489215756,2020
4175,2018-11,1,1765.2395841809637,132.39296881357228,44.130989604524096,1897.632552994536,2086
4176,2018-04,7,1031.9768856588553,77.39826642441415,25.799422141471382,1109.3751520832693,2059
4177,2018-06,6,2297.101974967326,172.28264812254943,57.42754937418315,2469.3846230898753,2080
4178,2018-11,5,1075.7703733289716,80.68277799967287,26.89425933322429,1156.4531513286445,2015
4179,2018-05,9,1478.1273871962553,110.85955403971914,36.953184679906386,1588.9869412359744,2069
4180,2018-06,5,1686.4254372539506,126.4819077940463,42.160635931348764,1812.9073450479968,2023
4181,2018-01,2,1979.5919945788446,148.46939959341333,49.48979986447112,2128.061394172258,2088
4182,2018-01,0,1530.7349407163229,114.80512055372421,38.268373517908074,1645.540061270047,2060
4183,2018-06,7,2026.6934669330308,152.0020100199773,50.66733667332577,2178.695476953008,2091
4184,2018-07,2,1773.915953617554,133.04369652131655,44.34789884043885,1906.9596501388705,2063
4185,2018-12,3,2096.917046083201,157.26877845624009,52.42292615208003,2254.185824539441,2062
4186,2018-07,0,1971.5752346861805,147.86814260146352,49.28938086715451,2119.443377287644,2027
4187,2018-05,0,1081.5789215886257,81.11841911914692,27.039473039715645,1162.6973407077726,2031
4188,2018-12,0,1556.1711435260386,116.71283576445289,38.904278588150966,1672.8839792904914,2078
4189,2018-11,3,2222.5060514607276,166.68795385955457,55.56265128651819,2389.194005320282,2080
4190,2018-04,5,929.3606779662493,69.7020508474687,23.234016949156235,999.0627288137181,2037
4191,2018-11,4,1099.1980226617334,82.43985169963,27.479950566543337,1181.6378743613634,2086
4192,2018-01,4,2452.62191912859,183.94664393464424,61.31554797821475,2636.5685630632343,2020
4193,2018-08,4,675.3581840015934,50.6518638001195,16.883954600039836,726.0100478017129,2031
4194,2018-10,3,653.3416879351987,49.0006265951399,16.33354219837997,702.3423145303386,2035
4195,2018-12,9,2007.525936698322,150.56444525237416,50.18814841745805,2158.090381950696,2038
4196,2018-03,4,1718.285203141191,128.87139023558933,42.95713007852978,1847.1565933767804,2012
4197,2018-03,2,1363.0125727337982,102.22594295503485,34.07531431834496,1465.238515688833,2053
4198,2018-04,2,1674.1590463424884,125.56192847568663,41.85397615856221,1799.7209748181751,2076
4199,2018-02,0,640.2022904187093,48.01517178140319,16.005057260467733,688.2174622001124,2087
4200,2018-04,5,1426.9540901666346,107.0215567624976,35.673852254165865,1533.9756469291322,2055
4201,2018-07,1,2473.1281674601078,185.48461255950807,61.828204186502695,2658.612780019616,2068
4202,2018-08,2,2470.668921297958,185.30016909734687,61.76672303244896,2655.969090395305,2008
4203,2018-04,6,1132.9028888842367,84.96771666631776,28.32257222210592,1217.8706055505545,2082
4204,2018-12,1,631.0849633587657,47.331372251907425,15.777124083969142,678.4163356106731,2081
4205,2018-02,9,2336.400555616864,175.2300416712648,58.4100138904216,2511.6305972881287,2079
4206,2018-12,1,742.3711614446129,55.67783710834596,18.559279036115324,798.0489985529589,2084
4207,2018-12,4,2175.381724759588,163.1536293569691,54.384543118989704,2338.5353541165573,2084
4208,2018-06,6,650.4258752472807,48.78194064354605,16.26064688118202,699.2078158908267,2072
4209,2018-12,2,1109.879347589389,83.24095106920417,27.746983689734726,1193.1202986585931,2067
4210,2018-12,3,1124.6937925319703,84.35203443989776,28.11734481329926,1209.045826971868,2015
4211,2018-11,5,1378.9454169607393,103.42090627205545,34.47363542401848,1482.3663232327947,2007
4212,2018-01,6,2097.5721501481175,157.3179112611088,52.439303753702944,2254.8900614092263,2048
4213,2018-11,4,876.3144913048659,65.72358684786494,21.90786228262165,942.0380781527308,2062
4214,2018-07,5,1477.7563153148435,110.83172364861326,36.94390788287109,1588.5880389634567,2039
4215,2018-03,6,1817.0388502577964,136.27791376933473,45.42597125644491,1953.316764027131,2002
4216,2018-09,5,958.494491353564,71.8870868515173,23.9623622838391,1030.3815782050813,2005
4217,2018-06,7,1224.6057335768865,91.84543001826648,30.61514333942216,1316.451163595153,2049
4218,2018-12,3,1099.2967452458302,82.44725589343726,27.482418631145755,1181.7440011392673,2082
4219,2018-03,4,1263.6469788185182,94.77352341138887,31.591174470462956,1358.420502229907,2026
4220,2018-01,3,956.5460111309587,71.7409508348219,23.91365027827397,1028.2869619657806,2063
4221,2018-10,9,721.2723085179314,54.09542313884485,18.031807712948286,775.3677316567762,2095
4222,2018-04,5,721.8125940796388,54.135944555972905,18.04531485199097,775.9485386356116,2076
4223,2018-11,1,717.5021020948493,53.8126576571137,17.937552552371233,771.314759751963,2083
4224,2018-12,2,1753.9903561140163,131.54927670855122,43.84975890285041,1885.5396328225675,2052
4225,2018-12,4,2304.5375562458603,172.8403167184395,57.61343890614651,2477.3778729643,2024
4226,2018-03,3,828.903494019856,62.1677620514892,20.7225873504964,891.0712560713451,2015
4227,2018-05,5,1525.9684029566174,114.44763022174631,38.149210073915434,1640.4160331783637,2076
4228,2018-05,0,650.1668062926333,48.76251047194749,16.254170157315833,698.9293167645808,2078
4229,2018-05,1,2004.7555514366136,150.356666357746,50.118888785915345,2155.11221779436,2031
4230,2018-04,3,2010.2628463909775,150.76971347932331,50.25657115977444,2161.0325598703007,2077
4231,2018-03,1,2367.1766848121238,177.53825136090927,59.1794171203031,2544.714936173033,2071
4232,2018-02,6,1211.0708022912333,90.8303101718425,30.276770057280835,1301.9011124630758,2077
4233,2018-06,7,1515.5509683857802,113.66632262893351,37.8887742096445,1629.2172910147137,2045
4234,2018-04,4,2425.997766615099,181.94983249613242,60.64994416537748,2607.9475991112313,2070
4235,2018-09,7,655.8750310712609,49.19062733034456,16.396875776781524,705.0656584016054,2078
4236,2018-09,0,1525.8538540492582,114.43903905369436,38.14634635123146,1640.2928931029526,2027
4237,2018-04,0,2016.853153924336,151.2639865443252,50.4213288481084,2168.117140468661,2067
4238,2018-03,4,1292.7423217095175,96.9556741282138,32.31855804273794,1389.6979958377312,2027
4239,2018-07,5,699.3569788958855,52.45177341719141,17.48392447239714,751.8087523130769,2008
4240,2018-03,6,629.3445205505051,47.20083904128788,15.733613013762628,676.5453595917929,2069
4241,2018-05,9,1603.0654897008405,120.22991172756304,40.076637242521016,1723.2954014284037,2070
4242,2018-10,8,1849.1891384962448,138.68918538721834,46.22972846240612,1987.878323883463,2025
4243,2018-06,5,908.4107882426287,68.13080911819715,22.710269706065716,976.5415973608258,2049
4244,2018-03,5,1280.7669783170027,96.0575233737752,32.01917445792507,1376.8245016907779,2063
4245,2018-11,7,1194.6796837404358,89.60097628053269,29.8669920935109,1284.2806600209685,2062
4246,2018-12,4,2231.1306384842233,167.33479788631675,55.778265962105586,2398.46543637054,2057
4247,2018-12,9,2378.7763577984897,178.40822683488673,59.46940894496225,2557.1845846333763,2054
4248,2018-04,7,904.3415303837228,67.82561477877921,22.60853825959307,972.167145162502,2094
4249,2018-09,9,858.3541030237427,64.3765577267807,21.458852575593568,922.7306607505234,2026
4250,2018-03,7,1379.8997392793922,103.49248044595441,34.497493481984804,1483.3922197253466,2019
4251,2018-03,5,1402.1483420810637,105.16112565607978,35.05370855202659,1507.3094677371434,2054
4252,2018-06,4,694.0888371630789,52.05666278723091,17.352220929076974,746.1454999503098,2059
4253,2018-09,7,789.2208188572661,59.19156141429495,19.730520471431653,848.412380271561,2094
4254,2018-10,2,565.0280358867137,42.37710269150353,14.125700897167844,607.4051385782172,2056
4255,2018-11,0,1723.831987353978,129.28739905154836,43.09579968384946,1853.1193864055265,2008
4256,2018-01,5,1801.0037767366862,135.07528325525146,45.025094418417154,1936.0790599919376,2065
4257,2018-03,7,1895.6830020476395,142.17622515357297,47.39207505119099,2037.8592272012124,2081
4258,2018-04,4,1052.1118768502447,78.90839076376835,26.302796921256117,1131.020267614013,2001
4259,2018-04,8,2077.138925965261,155.78541944739456,51.92847314913153,2232.9243454126554,2062
4260,2018-06,3,2456.134293073884,184.21007198054127,61.4033573268471,2640.344365054425,2091
4261,2018-10,0,1565.2343395442174,117.3925754658163,39.13085848860544,1682.6269150100336,2092
4262,2018-10,1,856.0568043866599,64.2042603289995,21.4014201096665,920.2610647156594,2082
4263,2018-05,4,2252.902421706158,168.96768162796184,56.322560542653946,2421.8701033341194,2074
4264,2018-12,8,768.3298907658566,57.62474180743924,19.208247269146415,825.9546325732958,2099
4265,2018-11,2,1177.3733444964598,88.30300083723448,29.434333612411496,1265.6763453336944,2078
4266,2018-10,7,884.0057092964239,66.3004281972318,22.1001427324106,950.3061374936557,2087
4267,2018-05,8,1339.8539842901355,100.48904882176016,33.496349607253386,1440.3430331118957,2054
4268,2018-12,1,1387.9643770544076,104.09732827908057,34.69910942636019,1492.0617053334881,2097
4269,2018-01,8,586.9642942608004,44.02232206956003,14.674107356520011,630.9866163303604,2068
4270,2018-03,9,515.5907628031373,38.669307210235296,12.889769070078433,554.2600700133726,2088
4271,2018-03,8,525.4671291907473,39.410034689306045,13.136678229768684,564.8771638800533,2095
4272,2018-05,2,2339.894051704532,175.4920538778399,58.4973512926133,2515.386105582372,2024
4273,2018-08,5,1336.5632760360236,100.24224570270177,33.41408190090059,1436.8055217387252,2079
4274,2018-10,5,1289.1932507687584,96.68949380765687,32.22983126921896,1385.8827445764152,2003
4275,2018-10,7,1643.2107905768758,123.24080929326567,41.0802697644219,1766.4515998701413,2007
4276,2018-05,2,1700.8691278945837,127.56518459209377,42.521728197364595,1828.4343124866775,2006
4277,2018-02,1,1279.3197343544334,95.9489800765825,31.98299335886084,1375.268714431016,2040
4278,2018-02,4,580.9722918969942,43.572921892274564,14.524307297424855,624.5452137892687,2066
4279,2018-10,5,1789.0683795157488,134.18012846368114,44.72670948789372,1923.2485079794299,2065
4280,2018-07,5,1761.4048540515878,132.10536405386907,44.035121351289696,1893.510218105457,2010
4281,2018-04,3,506.18361499733,37.96377112479975,12.65459037493325,544.1473861221298,2034
4282,2018-05,5,1101.1844368361235,82.58883276270926,27.52961092090309,1183.7732695988327,2010
4283,2018-08,8,1615.1724793811973,121.13793595358979,40.379311984529934,1736.310415334787,2081
4284,2018-12,1,1282.4220599454502,96.18165449590876,32.06055149863626,1378.603714441359,2067
4285,2018-02,1,743.5219672765263,55.76414754573947,18.58804918191316,799.2861148222657,2058
4286,2018-10,4,2122.7648171445635,159.20736128584227,53.06912042861409,2281.9721784304056,2082
4287,2018-04,7,651.9287647115808,48.89465735336856,16.29821911778952,700.8234220649493,2047
4288,2018-04,1,1029.8695110184267,77.240213326382,25.74673777546067,1107.1097243448087,2021
4289,2018-03,1,1260.059247769658,94.50444358272435,31.50148119424145,1354.5636913523824,2066
4290,2018-04,8,1787.5683010169307,134.0676225762698,44.68920752542327,1921.6359235932005,2058
4291,2018-12,3,1035.0693380594134,77.63020035445601,25.876733451485336,1112.6995384138695,2021
4292,2018-06,5,1458.4336635692976,109.38252476769732,36.46084158923244,1567.8161883369949,2030
4293,2018-06,1,2278.5878672531053,170.89409004398289,56.96469668132764,2449.4819572970882,2074
4294,2018-11,8,870.2453034921356,65.26839776191017,21.75613258730339,935.5137012540457,2100
4295,2018-12,9,1873.960362989471,140.54702722421032,46.84900907473678,2014.5073902136812,2082
4296,2018-10,4,669.1251538981653,50.1843865423624,16.728128847454133,719.3095404405277,2018
4297,2018-02,9,931.0502088721604,69.82876566541202,23.27625522180401,1000.8789745375724,2071
4298,2018-02,8,987.6165660040399,74.07124245030299,24.690414150101,1061.687808454343,2091
4299,2018-07,0,1678.2404657046109,125.86803492784581,41.95601164261527,1804.1085006324568,2083
4300,2018-07,3,1497.455966526311,112.30919748947332,37.43639916315777,1609.7651640157842,2002
4301,2018-12,3,1118.2520263257106,83.8689019744283,27.956300658142766,1202.120928300139,2020
4302,2018-11,5,1944.438009874638,145.83285074059785,48.610950246865954,2090.270860615236,2082
4303,2018-04,6,1301.637016356245,97.62277622671839,32.540925408906126,1399.2597925829634,2044
4304,2018-10,1,847.2829806943112,63.546223552073336,21.18207451735778,910.8292042463845,2022
4305,2018-01,9,1843.825297644654,138.28689732334905,46.09563244111635,1982.112194968003,2024
4306,2018-06,6,2324.9539089535947,174.3715431715196,58.12384772383987,2499.325452125114,2040
4307,2018-09,0,2401.547122018221,180.1160341513666,60.03867805045553,2581.6631561695876,2032
4308,2018-04,7,593.4465322341487,44.50848991756115,14.836163305853717,637.9550221517098,2045
4309,2018-08,0,1314.436887885492,98.5827665914119,32.860922197137306,1413.019654476904,2014
4310,2018-08,2,1195.5881109783884,89.66910832337912,29.88970277445971,1285.2572193017675,2093
4311,2018-06,3,1722.3051660655476,129.17288745491607,43.05762915163869,1851.4780535204636,2055
4312,2018-02,1,946.487673582433,70.98657551868247,23.662191839560826,1017.4742491011154,2100
4313,2018-05,0,814.0679576381897,61.05509682286422,20.351698940954744,875.1230544610539,2066
4314,2018-08,4,1564.9356339065262,117.37017254298945,39.12339084766316,1682.3058064495156,2063
4315,2018-08,6,936.048038332,70.2036028749,23.401200958300002,1006.2516412069,2080
4316,2018-06,0,1198.0046326091806,89.85034744568854,29.950115815229516,1287.8549800548692,2044
4317,2018-05,2,801.4523579101276,60.10892684325957,20.03630894775319,861.5612847533872,2078
4318,2018-11,9,846.0848959786911,63.45636719840183,21.152122399467277,909.5412631770929,2082
4319,2018-09,0,1065.8203292504718,79.93652469378539,26.645508231261797,1145.7568539442573,2082
4320,2018-02,4,616.3883246866269,46.22912435149701,15.409708117165673,662.6174490381239,2087
4321,2018-07,6,2429.6960669277305,182.22720501957977,60.742401673193264,2611.9232719473102,2088
4322,2018-12,5,1331.5301096718872,99.86475822539154,33.28825274179718,1431.3948678972788,2026
4323,2018-06,8,1706.8888208451353,128.01666156338516,42.67222052112839,1834.9054824085206,2099
4324,2018-11,9,1573.2641479767842,117.99481109825881,39.33160369941961,1691.258959075043,2055
4325,2018-10,1,1881.879462172406,141.14095966293044,47.04698655431015,2023.0204218353365,2088
4326,2018-05,2,1620.5263533822879,121.53947650367158,40.5131588345572,1742.0658298859594,2071
4327,2018-10,6,1139.9590876230832,85.49693157173124,28.49897719057708,1225.4560191948144,2074
4328,2018-06,3,746.6444762967415,55.99833572225561,18.666111907418536,802.6428120189971,2085
4329,2018-06,0,1350.620528498504,101.2965396373878,33.7655132124626,1451.9170681358917,2063
4330,2018-09,0,865.8881324176133,64.941609931321,21.647203310440332,930.8297423489342,2070
4331,2018-09,8,2368.801619763509,177.66012148226315,59.220040494087726,2546.461741245772,2046
4332,2018-08,5,1069.9791940591888,80.24843955443916,26.74947985147972,1150.2276336136279,2047
4333,2018-08,5,516.5119128595915,38.73839346446936,12.912797821489788,555.2503063240608,2015
4334,2018-12,8,549.9528720647404,41.24646540485553,13.748821801618512,591.1993374695959,2094
4335,2018-12,6,626.0746069450387,46.9555955208779,15.651865173625968,673.0302024659165,2096
4336,2018-10,3,1647.5317570379223,123.56488177784416,41.18829392594806,1771.0966388157665,2090
4337,2018-06,6,1963.5487037222517,147.26615277916886,49.088717593056295,2110.8148565014208,2027
4338,2018-11,0,621.1642525061753,46.58731893796315,15.529106312654385,667.7515714441384,2070
4339,2018-01,7,758.881947471618,56.91614606037135,18.97204868679045,815.7980935319894,2063
4340,2018-07,5,1532.3794224448136,114.92845668336102,38.30948556112034,1647.3078791281746,2036
4341,2018-11,0,743.6067921382439,55.77050941036829,18.5901698034561,799.3773015486122,2036
4342,2018-06,9,755.1421593799914,56.63566195349936,18.878553984499785,811.7778213334908,2019
4343,2018-10,9,2012.8359392570844,150.96269544428134,50.320898481427115,2163.7986347013657,2067
4344,2018-09,2,2352.6087416936016,176.4456556270201,58.81521854234004,2529.054397320622,2017
4345,2018-10,5,2376.571138811739,178.24283541088042,59.414278470293475,2554.8139742226194,2002
4346,2018-12,6,1693.2452986834796,126.99339740126096,42.331132467086995,1820.2386960847407,2072
4347,2018-03,3,2099.730673611545,157.4798005208659,52.49326684028863,2257.210474132411,2099
4348,2018-04,7,908.2856103361485,68.12142077521113,22.70714025840371,976.4070311113596,2021
4349,2018-08,8,1999.60986873593,149.97074015519473,49.990246718398254,2149.5806088911245,2056
4350,2018-05,2,1615.3352251258518,121.15014188443888,40.3833806281463,1736.4853670102907,2036
4351,2018-05,0,1238.4498774395456,92.88374080796592,30.96124693598864,1331.3336182475116,2079
4352,2018-06,6,966.9642961134302,72.52232220850726,24.17410740283576,1039.4866183219374,2029
4353,2018-08,2,1184.5638524340043,88.84228893255032,29.61409631085011,1273.4061413665545,2035
4354,2018-06,4,2467.603578010484,185.07026835078628,61.6900894502621,2652.67384636127,2002
4355,2018-04,3,1835.4598252307896,137.65948689230922,45.886495630769744,1973.1193121230988,2008
4356,2018-04,4,1025.7697845778807,76.93273384334105,25.644244614447018,1102.7025184212218,2092
4357,2018-10,5,1471.9378783811694,110.3953408785877,36.79844695952924,1582.333219259757,2039
4358,2018-02,9,962.1823940296201,72.16367955222151,24.054559850740503,1034.3460735818417,2020
4359,2018-04,7,1805.2723211743262,135.39542408807446,45.131808029358154,1940.6677452624006,2068
4360,2018-09,9,628.357740466952,47.1268305350214,15.708943511673802,675.4845710019734,2037
4361,2018-11,5,2453.8864275514825,184.04148206636117,61.34716068878706,2637.927909617844,2070
4362,2018-11,0,2472.5531309272083,185.44148481954062,61.81382827318021,2657.994615746749,2059
4363,2018-12,4,1978.2244197097748,148.3668314782331,49.45561049274437,2126.591251188008,2014
4364,2018-09,8,1726.7822022685368,129.50866517014026,43.16955505671342,1856.2908674386772,2010
4365,2018-03,8,1749.7591023591558,131.23193267693668,43.7439775589789,1880.9910350360924,2088
4366,2018-03,8,2308.1454855979873,173.11091141984903,57.703637139949684,2481.256397017836,2036
4367,2018-02,3,528.5301306423713,39.63975979817785,13.213253266059283,568.1698904405491,2055
4368,2018-11,6,1047.3548496085778,78.55161372064333,26.183871240214444,1125.906463329221,2062
4369,2018-01,3,1853.0489800503892,138.9786735037792,46.32622450125973,1992.0276535541684,2025
4370,2018-06,9,859.8567067334798,64.48925300501098,21.496417668336996,924.3459597384907,2046
4371,2018-06,4,940.4391214893458,70.53293411170092,23.510978037233645,1010.9720556010467,2011
4372,2018-02,8,532.5101235892602,39.93825926919451,13.312753089731505,572.4483828584547,2021
4373,2018-01,3,1619.7356553348534,121.480174150114,40.49339138337134,1741.2158294849673,2075
4374,2018-07,8,1910.686362919846,143.30147721898845,47.76715907299615,2053.9878401388346,2076
4375,2018-09,1,1325.1685864215547,99.38764398161659,33.12921466053887,1424.5562304031712,2053
4376,2018-06,8,2327.6321381034104,174.57241035775579,58.190803452585264,2502.2045484611663,2034
4377,2018-05,0,882.7391227092128,66.20543420319096,22.06847806773032,948.9445569124038,2066
4378,2018-12,1,2476.7552736934113,185.75664552700584,61.91888184233528,2662.511919220417,2016
4379,2018-07,0,2472.8589425893347,185.4644206942001,61.82147356473337,2658.323363283535,2044
4380,2018-09,3,1709.9498723822924,128.2462404286719,42.74874680955731,1838.1961128109642,2069
4381,2018-06,6,605.8927136917332,45.44195352687999,15.147317842293331,651.3346672186132,2058
4382,2018-09,2,1617.1043590301704,121.28282692726278,40.42760897575426,1738.387185957433,2013
4383,2018-07,5,2151.063474948518,161.32976062113883,53.77658687371295,2312.393235569657,2093
4384,2018-10,7,2130.456337483578,159.78422531126833,53.26140843708945,2290.2405627948465,2074
4385,2018-04,1,2173.4776636723527,163.01082477542644,54.336941591808824,2336.488488447779,2055
4386,2018-03,6,1594.7471584881373,119.6060368866103,39.86867896220343,1714.3531953747477,2068
4387,2018-08,9,2398.149889442245,179.86124170816836,59.953747236056124,2578.0111311504133,2083
4388,2018-08,9,766.9315087359057,57.51986315519293,19.173287718397642,824.4513718910987,2087
4389,2018-04,1,1990.5348156263694,149.2901111719777,49.76337039065924,2139.824926798347,2086
4390,2018-12,8,1658.437807168766,124.38283553765746,41.46094517921915,1782.8206427064235,2091
4391,2018-05,1,2484.5217979322533,186.339134844919,62.11304494830634,2670.8609327771724,2038
4392,2018-12,5,1078.1196998051034,80.85897748538275,26.95299249512759,1158.9786772904863,2022
4393,2018-09,8,1290.9721674461675,96.82291255846256,32.27430418615419,1387.79508000463,2085
4394,2018-01,2,1433.9058299873109,107.54293724904831,35.847645749682776,1541.4487672363591,2039
4395,2018-03,1,1476.9126576362692,110.76844932272019,36.92281644090673,1587.6811069589894,2031
4396,2018-09,1,511.26624840900206,38.344968630675154,12.781656210225051,549.6112170396772,2047
4397,2018-04,2,719.0717616313907,53.9303821223543,17.976794040784768,773.002143753745,2064
4398,2018-05,3,670.392060731672,50.2794045548754,16.759801518291802,720.6714652865475,2048
4399,2018-05,6,1570.2495058556187,117.7687129391714,39.256237646390474,1688.01821879479,2098
4400,2018-01,7,1350.1442986640145,101.26082239980109,33.753607466600364,1451.4051210638156,2060
4401,2018-08,0,2058.846370485515,154.4134777864136,51.471159262137874,2213.2598482719286,2044
4402,2018-06,4,1627.2994191390674,122.04745643543005,40.682485478476686,1749.3468755744975,2045
4403,2018-03,4,1313.6770476912247,98.52577857684186,32.84192619228062,1412.2028262680667,2045
4404,2018-07,2,1838.0156896656918,137.8511767249269,45.9503922416423,1975.8668663906187,2049
4405,2018-12,0,1835.2199138743383,137.64149354057537,45.88049784685846,1972.8614074149136,2072
4406,2018-08,6,775.273143733498,58.14548578001235,19.381828593337453,833.4186295135104,2081
4407,2018-10,2,874.8490566025914,65.61367924519435,21.871226415064786,940.4627358477858,2090
4408,2018-03,9,542.0106392267992,40.65079794200994,13.55026598066998,582.6614371688091,2015
4409,2018-06,5,1726.0656013564264,129.45492010173197,43.15164003391067,1855.5205214581583,2032
4410,2018-02,8,1037.3405762639104,77.80054321979328,25.933514406597762,1115.1411194837037,2029
4411,2018-09,6,942.518296636478,70.68887224773584,23.562957415911953,1013.2071688842138,2052
4412,2018-09,2,1863.6280860845313,139.77210645633986,46.59070215211329,2003.400192540871,2040
4413,2018-10,5,1564.7807836286677,117.35855877215008,39.11951959071669,1682.1393424008177,2099
4414,2018-02,4,912.325604170142,68.42442031276065,22.808140104253553,980.7500244829026,2018
4415,2018-01,7,1312.7831564688254,98.4587367351619,32.81957891172063,1411.2418932039873,2055
4416,2018-05,2,2488.2429160847914,186.61821870635936,62.206072902119786,2674.861134791151,2035
4417,2018-03,2,1850.3061127542574,138.77295845656928,46.257652818856435,1989.0790712108267,2080
4418,2018-09,5,634.9871706433134,47.62403779824851,15.874679266082836,682.611208441562,2017
4419,2018-08,3,753.9703077784037,56.54777308338028,18.849257694460093,810.518080861784,2018
4420,2018-01,9,1744.862297698067,130.86467232735504,43.62155744245168,1875.7269700254221,2005
4421,2018-09,9,1802.4220976991214,135.1816573274341,45.06055244247804,1937.6037550265555,2075
4422,2018-04,6,653.557326051589,49.016799453869176,16.338933151289726,702.5741255054583,2100
4423,2018-04,7,639.3923276589309,47.95442457441981,15.984808191473272,687.3467522333507,2062
4424,2018-11,4,1375.257247972017,103.14429359790127,34.38143119930043,1478.4015415699182,2093
4425,2018-06,0,1181.0175985452765,88.57631989089573,29.525439963631914,1269.5939184361723,2048
4426,2018-06,7,1340.1472126670155,100.51104095002616,33.50368031667539,1440.6582536170417,2019
4427,2018-07,0,2338.3247088880453,175.37435316660338,58.45811772220114,2513.6990620546485,2014
4428,2018-09,6,557.5120904731413,41.81340678548559,13.937802261828532,599.3254972586268,2004
4429,2018-03,2,1103.8124875217782,82.78593656413337,27.595312188044456,1186.5984240859116,2099
4430,2018-04,3,1070.4430310892244,80.28322733169183,26.761075777230612,1150.7262584209163,2060
4431,2018-09,3,1153.4749999745509,86.51062499809132,28.836874999363772,1239.9856249726422,2014
4432,2018-02,8,1798.714541869953,134.90359064024648,44.96786354674883,1933.6181325101995,2012
4433,2018-04,6,1345.524143869797,100.91431079023477,33.63810359674493,1446.4384546600318,2057
4434,2018-12,6,1984.5265443303565,148.83949082477673,49.613163608258915,2133.3660351551334,2019
4435,2018-01,5,2105.713341181274,157.92850058859554,52.64283352953185,2263.641841769869,2060
4436,2018-10,1,605.6408056631375,45.42306042473531,15.141020141578437,651.0638660878728,2017
4437,2018-08,7,1755.7058705264037,131.67794028948026,43.892646763160094,1887.3838108158839,2036
4438,2018-08,9,1455.3704070870526,109.15278053152895,36.384260177176316,1564.5231876185817,2002
4439,2018-01,3,976.6909733477266,73.2518230010795,24.417274333693168,1049.942796348806,2029
4440,2018-09,9,2049.9148140946068,153.7436110570955,51.24787035236517,2203.6584251517024,2005
4441,2018-07,7,2242.592795399344,168.1944596549508,56.064819884983606,2410.7872550542947,2034
4442,2018-09,2,1038.8023123877429,77.91017342908071,25.97005780969357,1116.7124858168236,2033
4443,2018-03,5,2317.128715794208,173.7846536845656,57.9282178948552,2490.9133694787733,2055
4444,2018-11,9,1238.211161631471,92.86583712236032,30.955279040786778,1331.0769987538313,2064
4445,2018-12,3,1327.078980907953,99.53092356809648,33.17697452269883,1426.6099044760497,2048
4446,2018-04,0,1954.009109931584,146.5506832448688,48.8502277482896,2100.559793176453,2054
4447,2018-05,2,760.8658177817333,57.064936333629994,19.021645444543335,817.9307541153634,2031
4448,2018-10,2,1238.9539357437015,92.92154518077761,30.97384839359254,1331.8754809244792,2047
4449,2018-09,3,2020.5503196659508,151.5412739749463,50.513757991648774,2172.0915936408974,2011
4450,2018-05,2,2499.216110395853,187.44120827968896,62.48040275989632,2686.657318675542,2061
4451,2018-05,3,2423.5094257273913,181.76320692955434,60.587735643184786,2605.2726326569455,2074
4452,2018-08,4,824.5336236608942,61.84002177456706,20.61334059152236,886.3736454354613,2023
4453,2018-07,0,2097.9097824001565,157.34323368001174,52.44774456000391,2255.253016080168,2023
4454,2018-05,0,1948.528698471011,146.13965238532583,48.71321746177528,2094.668350856337,2019
4455,2018-01,4,1193.4160531924995,89.50620398943745,29.835401329812488,1282.9222571819369,2091
4456,2018-09,5,1051.9901806854136,78.89926355140602,26.29975451713534,1130.8894442368196,2029
4457,2018-03,3,1021.4659476130405,76.60994607097804,25.536648690326015,1098.0758936840186,2075
4458,2018-01,9,604.7536574785735,45.35652431089301,15.118841436964338,650.1101817894664,2057
4459,2018-09,4,549.8462587409858,41.23846940557394,13.746156468524646,591.0847281465598,2091
4460,2018-04,1,1576.6012205837028,118.2450915437777,39.41503051459257,1694.8463121274806,2012
4461,2018-05,4,603.8541716982146,45.28906287736609,15.096354292455366,649.1432345755807,2025
4462,2018-03,8,1749.7586895921202,131.231901719409,43.743967239803005,1880.9905913115292,2031
4463,2018-10,8,1558.241112642929,116.86808344821966,38.95602781607323,1675.1091960911488,2052
4464,2018-07,3,2319.0957109824158,173.93217832368117,57.9773927745604,2493.0278893060968,2064
4465,2018-02,3,1530.4080470727088,114.78060353045315,38.26020117681772,1645.188650603162,2003
4466,2018-12,8,1706.2536723205812,127.9690254240436,42.65634180801453,1834.2226977446248,2030
4467,2018-05,3,2402.4449379000116,180.18337034250087,60.06112344750029,2582.6283082425125,2028
4468,2018-01,5,1976.5036182818767,148.23777137114075,49.41259045704692,2124.7413896530174,2057
4469,2018-11,6,2226.9742892829854,167.0230716962239,55.67435723207464,2393.997360979209,2044
4470,2018-08,5,840.7744245034514,63.058081837758856,21.019360612586286,903.8325063412103,2075
4471,2018-08,4,1605.116162863168,120.3837122147376,40.1279040715792,1725.4998750779057,2079
4472,2018-02,3,1507.3813396835278,113.05360047626458,37.6845334920882,1620.4349401597924,2031
4473,2018-06,6,1043.3865674154856,78.25399255616142,26.08466418538714,1121.640559971647,2015
4474,2018-09,8,922.181757965461,69.16363184740958,23.054543949136526,991.3453898128705,2100
4475,2018-04,6,1382.4970895853344,103.68728171890008,34.56242723963336,1486.1843713042344,2043
4476,2018-08,1,1009.4041004260362,75.70530753195271,25.235102510650904,1085.1094079579889,2098
4477,2018-04,3,1419.794503571636,106.4845877678727,35.494862589290896,1526.2790913395086,2099
4478,2018-07,2,1149.784498014212,86.2338373510659,28.7446124503553,1236.0183353652778,2050
4479,2018-12,3,898.8342312162752,67.41256734122064,22.47085578040688,966.2467985574958,2076
4480,2018-02,0,2369.949042224654,177.74617816684903,59.24872605561635,2547.695220391503,2063
4481,2018-07,8,1784.893315626467,133.86699867198502,44.62233289066168,1918.7603142984522,2024
4482,2018-09,6,1358.9409202430545,101.92056901822909,33.97352300607636,1460.8614892612836,2042
4483,2018-05,9,1412.0021052612733,105.9001578945955,35.300052631531834,1517.9022631558687,2078
4484,2018-09,2,1975.5440049826245,148.16580037369684,49.38860012456561,2123.7098053563213,2015
4485,2018-07,8,1800.440453457097,135.03303400928226,45.01101133642743,1935.4734874663793,2042
4486,2018-06,9,1832.6783108647987,137.4508733148599,45.81695777161997,1970.1291841796588,2015
4487,2018-08,2,840.276395279604,63.0207296459703,21.0069098819901,903.2971249255743,2080
4488,2018-10,8,1161.8546951940361,87.1391021395527,29.046367379850906,1248.9937973335889,2059
4489,2018-01,7,2484.616829818828,186.34626223641212,62.11542074547071,2670.9630920552404,2084
4490,2018-09,4,1002.3443614713681,75.1758271103526,25.058609036784205,1077.5201885817207,2013
4491,2018-07,7,636.3436204626423,47.725771534698175,15.908590511566059,684.0693919973405,2042
4492,2018-05,2,2470.928026327545,185.31960197456587,61.77320065818863,2656.247628302111,2093
4493,2018-05,6,2198.501725523032,164.88762941422738,54.9625431380758,2363.389354937259,2079
4494,2018-12,7,983.5893476197045,73.76920107147784,24.589733690492615,1057.3585486911825,2047
4495,2018-08,8,695.1979556661174,52.139846674958804,17.379948891652937,747.3378023410762,2100
4496,2018-01,3,762.4561261475206,57.18420946106405,19.061403153688016,819.6403356085847,2047
4497,2018-03,7,1787.434120232013,134.05755901740096,44.685853005800325,1921.491679249414,2009
4498,2018-01,7,1822.7814665302237,136.70860998976679,45.5695366632556,1959.4900765199905,2022
4499,2018-07,1,2467.7417768843907,185.0806332663293,61.69354442210977,2652.82241015072,2033
4500,2018-07,7,2080.1606272785803,156.01204704589352,52.00401568196451,2236.172674324474,2084
4501,2018-08,6,2355.360806423975,176.65206048179815,58.884020160599384,2532.0128669057735,2024
4502,2018-07,3,2395.1665934863213,179.6374945114741,59.87916483715804,2574.8040879977952,2059
4503,2018-10,3,1918.8482237927724,143.91361678445793,47.97120559481931,2062.7618405772305,2026
4504,2018-12,5,2146.166029884126,160.96245224130945,53.65415074710316,2307.1284821254358,2100
4505,2018-04,5,1903.9682337109286,142.79761752831965,47.599205842773216,2046.7658512392484,2046
4506,2018-11,3,1550.5680420107942,116.29260315080955,38.76420105026986,1666.8606451616038,2032
4507,2018-12,7,1625.3398539087848,121.90048904315886,40.63349634771962,1747.2403429519436,2094
4508,2018-05,0,650.1219734255528,48.75914800691646,16.25304933563882,698.8811214324693,2039
4509,2018-09,9,2430.1057263646053,182.25792947734539,60.75264315911514,2612.3636558419507,2016
4510,2018-09,7,1544.9738878604687,115.87304158953515,38.62434719651172,1660.846929450004,2025
4511,2018-09,6,2074.718308483446,155.60387313625844,51.86795771208615,2230.322181619704,2042
4512,2018-07,2,737.3062248732288,55.29796686549216,18.43265562183072,792.6041917387209,2011
4513,2018-06,0,2335.6267880085907,175.1720091006443,58.39066970021477,2510.798797109235,2018
4514,2018-10,8,661.8731580666029,49.64048685499521,16.546828951665074,711.513644921598,2100
4515,2018-05,2,2232.0092335532904,167.40069251649678,55.80023083883226,2399.409926069787,2013
4516,2018-07,0,570.9687291530887,42.82265468648165,14.274218228827218,613.7913838395704,2020
4517,2018-10,6,586.2661368911472,43.96996026683604,14.65665342227868,630.2360971579833,2031
4518,2018-01,2,2327.087840367175,174.5315880275381,58.177196009179376,2501.619428394713,2086
4519,2018-10,6,2438.94187161773,182.92064037132977,60.97354679044326,2621.86251198906,2074
4520,2018-04,9,1676.8030656863052,125.76022992647289,41.92007664215763,1802.5632956127781,2081
4521,2018-08,7,1253.1482653625012,93.98611990218758,31.32870663406253,1347.1343852646887,2013
4522,2018-03,1,1998.1466064557376,149.8609954841803,49.953665161393445,2148.007601939918,2068
4523,2018-09,0,1901.5378508825627,142.6153388161922,47.53844627206407,2044.1531896987549,2097
4524,2018-09,8,657.2441752657583,49.293313144931865,16.43110438164396,706.5374884106901,2077
4525,2018-05,1,1996.019433474788,149.7014575106091,49.900485836869706,2145.720890985397,2010
4526,2018-02,5,876.177492697745,65.71331195233087,21.904437317443627,941.8908046500759,2068
4527,2018-02,5,1663.2638953569995,124.74479215177496,41.581597383924986,1788.0086875087745,2034
4528,2018-11,1,2445.85747523102,183.4393106423265,61.146436880775504,2629.2967858733464,2049
4529,2018-01,4,2280.311729574041,171.02337971805306,57.007793239351024,2451.335109292094,2061
4530,2018-07,2,848.1358290898143,63.610187181736066,21.203395727245358,911.7460162715503,2071
4531,2018-10,0,1545.3958545201976,115.90468908901482,38.63489636300494,1661.3005436092126,2052
4532,2018-11,2,501.7162226256686,37.628716696925146,12.542905565641716,539.3449393225937,2075
4533,2018-10,8,761.8404975421713,57.13803731566285,19.046012438554282,818.9785348578341,2067
4534,2018-09,8,1107.295180094286,83.04713850707145,27.68237950235715,1190.3423186013574,2051
4535,2018-11,0,2434.894402666768,182.61708020000762,60.87236006666921,2617.5114828667756,2009
4536,2018-03,1,1721.6091707556561,129.1206878066742,43.04022926889141,1850.7298585623303,2044
4537,2018-11,2,2440.5413414548775,183.0406006091158,61.01353353637194,2623.581942063993,2088
4538,2018-06,9,601.483272910422,45.111245468281645,15.03708182276055,646.5945183787036,2091
4539,2018-07,6,1575.0032440719804,118.12524330539853,39.37508110179951,1693.1284873773789,2007
4540,2018-06,1,2291.90492785685,171.89286958926374,57.297623196421256,2463.7977974461137,2066
4541,2018-03,5,1241.5204941952466,93.11403706464348,31.038012354881165,1334.63453125989,2089
4542,2018-06,2,2414.5938349664934,181.094537622487,60.36484587416234,2595.68837258898,2099
4543,2018-05,5,2468.2823965486928,185.12117974115196,61.70705991371732,2653.4035762898448,2015
4544,2018-11,5,1520.4626564837172,114.03469923627878,38.01156641209293,1634.497355719996,2085
4545,2018-01,2,1670.8462620791715,125.31346965593787,41.77115655197929,1796.1597317351093,2077
4546,2018-02,6,1600.3059999318232,120.02294999488673,40.007649998295584,1720.3289499267098,2094
4547,2018-12,7,1866.971149512855,140.0228362134641,46.674278737821375,2006.9939857263191,2022
4548,2018-11,0,908.4773520612317,68.13580140459237,22.711933801530794,976.6131534658241,2085
4549,2018-06,2,1230.641434766182,92.29810760746365,30.766035869154553,1322.9395423736457,2050
4550,2018-03,6,1011.3136221311481,75.84852165983611,25.282840553278703,1087.1621437909841,2099
4551,2018-02,1,1395.4473188676861,104.65854891507645,34.88618297169216,1500.1058677827625,2045
4552,2018-02,7,1255.681657241507,94.17612429311303,31.39204143103768,1349.85778153462,2077
4553,2018-09,7,1347.2426806732174,101.0432010504913,33.68106701683043,1448.2858817237086,2028
4554,2018-02,9,537.2008024745927,40.29006018559445,13.430020061864818,577.4908626601872,2051
4555,2018-07,3,778.0130735901857,58.35098051926393,19.450326839754645,836.3640541094496,2027
4556,2018-05,0,2215.7573284519785,166.18179963389838,55.39393321129947,2381.9391280858767,2023
4557,2018-01,4,1422.6696649916812,106.70022487437609,35.56674162479203,1529.3698898660573,2062
4558,2018-02,2,1802.7976596855694,135.2098244764177,45.069941492139236,1938.0074841619871,2095
4559,2018-10,7,1615.253867195976,121.1440400396982,40.3813466798994,1736.3979072356742,2083
4560,2018-03,1,1841.1644442374318,138.08733331780738,46.0291111059358,1979.2517775552392,2088
4561,2018-03,5,578.4775557565669,43.38581668174251,14.461938893914173,621.8633724383094,2053
4562,2018-12,3,2216.159674230021,166.21197556725159,55.40399185575053,2382.3716497972728,2033
4563,2018-09,0,2120.264070436635,159.01980528274763,53.00660176091588,2279.2838757193826,2017
4564,2018-06,7,651.018429818645,48.82638223639837,16.275460745466127,699.8448120550433,2007
4565,2018-02,9,861.0364239807466,64.57773179855599,21.525910599518667,925.6141557793026,2016
4566,2018-10,4,1372.7895645632711,102.95921734224534,34.31973911408178,1475.7487819055166,2065
4567,2018-01,4,1184.99213957686,88.87441046826449,29.6248034894215,1273.8665500451243,2064
4568,2018-01,8,1505.4150541532786,112.90612906149589,37.635376353831965,1618.3211832147745,2079
4569,2018-03,7,705.9456868546761,52.945926514100705,17.6486421713669,758.8916133687768,2029
4570,2018-06,3,1537.9680056304703,115.34760042228527,38.44920014076176,1653.3156060527556,2069
4571,2018-10,0,1255.0223579390686,94.12667684543014,31.375558948476716,1349.1490347844988,2031
4572,2018-01,6,1622.4156759069338,121.68117569302002,40.56039189767335,1744.0968515999539,2051
4573,2018-12,6,1596.064544845134,119.70484086338504,39.90161362112835,1715.769385708519,2018
4574,2018-06,0,509.7770719137424,38.23328039353068,12.74442679784356,548.0103523072731,2031
4575,2018-01,8,1388.3828604510486,104.12871453382864,34.709571511276216,1492.5115749848771,2030
4576,2018-01,9,850.139193577585,63.760439518318876,21.253479839439628,913.8996330959039,2077
4577,2018-01,3,2323.7696912429283,174.28272684321962,58.09424228107321,2498.052418086148,2047
4578,2018-11,3,1111.3679293152868,83.35259469864651,27.784198232882172,1194.7205240139333,2044
4579,2018-10,5,1406.3698484168167,105.47773863126125,35.15924621042042,1511.847587048078,2071
4580,2018-08,5,915.1671895852073,68.63753921889055,22.879179739630185,983.8047288040979,2082
4581,2018-04,8,1463.9503938697876,109.79627954023407,36.59875984674469,1573.7466734100217,2023
4582,2018-08,1,1562.2408995767755,117.16806746825816,39.05602248941939,1679.4089670450337,2054
4583,2018-12,7,1917.4587842360595,143.80940881770445,47.93646960590149,2061.2681930537638,2016
4584,2018-09,5,1525.84811369191,114.43860852689325,38.14620284229775,1640.286722218803,2014
4585,2018-02,8,1774.810225835287,133.1107669376465,44.370255645882175,1907.9209927729335,2064
4586,2018-05,3,1189.8647013517166,89.23985260137874,29.746617533792914,1279.1045539530953,2060
4587,2018-07,3,1898.4941201691154,142.38705901268364,47.462353004227886,2040.881179181799,2006
4588,2018-01,0,807.0671519473431,60.530036396050726,20.17667879868358,867.5971883433938,2075
4589,2018-04,6,2080.516074334034,156.03870557505255,52.01290185835085,2236.5547799090864,2094
4590,2018-03,2,838.5950755984728,62.89463066988546,20.964876889961822,901.4897062683583,2093
4591,2018-06,6,2370.4707247723236,177.78530435792428,59.261768119308094,2548.256029130248,2048
4592,2018-06,4,1824.3961057262215,136.82970792946662,45.60990264315554,1961.2258136556882,2046
4593,2018-06,6,1588.2909756260767,119.12182317195575,39.70727439065192,1707.4127987980326,2069
4594,2018-11,2,2158.1301076685295,161.8597580751397,53.95325269171324,2319.9898657436693,2088
4595,2018-06,2,2391.5443287853236,179.36582465889927,59.78860821963309,2570.910153444223,2090
4596,2018-08,5,2432.2533644408695,182.4190023330652,60.80633411102174,2614.6723667739348,2060
4597,2018-04,5,2132.531437757746,159.93985783183095,53.313285943943654,2292.471295589577,2049
4598,2018-06,7,1719.5589407642997,128.96692055732248,42.988973519107496,1848.5258613216222,2040
4599,2018-07,8,630.0530823252435,47.25398117439326,15.75132705813109,677.3070634996368,2012
4600,2018-04,2,1373.5722169852593,103.01791627389444,34.33930542463148,1476.5901332591536,2023
4601,2018-07,3,1048.4770236614213,78.6357767746066,26.211925591535532,1127.112800436028,2025
4602,2018-09,7,1317.8425844823637,98.83819383617727,32.9460646120591,1416.680778318541,2053
4603,2018-11,9,1980.605382317892,148.5454036738419,49.515134557947306,2129.1507859917338,2065
4604,2018-07,7,1427.9591951576447,107.09693963682335,35.69897987894112,1535.056134794468,2045
4605,2018-01,8,1886.9260944459234,141.51945708344425,47.173152361148084,2028.4455515293675,2008
4606,2018-10,4,2009.8406049157675,150.73804536868255,50.24601512289419,2160.57865028445,2031
4607,2018-06,0,2334.1321187697667,175.0599089077325,58.35330296924417,2509.192027677499,2003
4608,2018-10,8,1760.7170221589697,132.0537766619227,44.017925553974244,1892.7707988208924,2003
4609,2018-10,8,714.327639774347,53.57457298307602,17.858190994358676,767.902212757423,2006
4610,2018-08,7,1687.5317108606544,126.56487831454908,42.18829277151636,1814.0965891752035,2012
4611,2018-10,2,1725.7219290548467,129.4291446791135,43.14304822637117,1855.1510737339602,2090
4612,2018-07,5,579.9484772843109,43.496135796323316,14.498711932107774,623.4446130806342,2079
4613,2018-02,3,1334.3907538217638,100.07930653663229,33.359768845544096,1434.470060358396,2006
4614,2018-05,5,1294.6658616688323,97.09993962516242,32.36664654172081,1391.7658012939949,2085
4615,2018-01,8,1859.489573208878,139.46171799066585,46.48723933022195,1998.951291199544,2056
4616,2018-02,2,2063.685437430676,154.77640780730067,51.5921359357669,2218.4618452379764,2001
4617,2018-11,5,1662.0527769428747,124.6539582707156,41.55131942357187,1786.7067352135903,2027
4618,2018-10,8,628.5963469759845,47.144726023198835,15.714908674399613,675.7410729991833,2083
4619,2018-06,5,2068.3500729319258,155.12625546989443,51.708751823298144,2223.47632840182,2059
4620,2018-03,1,2120.93560743898,159.0701705579235,53.0233901859745,2280.0057779969034,2048
4621,2018-03,3,928.3602492842374,69.6270186963178,23.209006232105935,997.9872679805552,2045
4622,2018-06,7,2456.284188142001,184.22131411065007,61.407104703550026,2640.505502252651,2029
4623,2018-03,6,2172.0176214692196,162.90132161019147,54.30044053673049,2334.9189430794113,2026
4624,2018-05,2,934.5082692689061,70.08812019516796,23.362706731722653,1004.596389464074,2097
4625,2018-01,3,1693.465469570697,127.00991021780227,42.336636739267426,1820.4753797884994,2010
4626,2018-09,4,619.9891604759878,46.49918703569908,15.499729011899696,666.4883475116868,2049
4627,2018-09,4,2095.9994339955047,157.19995754966286,52.39998584988762,2253.1993915451676,2032
4628,2018-09,6,1998.8980567733336,149.91735425800002,49.97245141933334,2148.8154110313335,2042
4629,2018-02,3,1694.4422912054936,127.083171840412,42.361057280137345,1821.5254630459056,2003
4630,2018-04,3,1260.6112293216042,94.54584219912032,31.515280733040107,1355.1570715207245,2003
4631,2018-09,9,1005.9665830853199,75.44749373139899,25.149164577133,1081.414076816719,2026
4632,2018-07,4,2190.8873226602627,164.3165491995197,54.77218306650657,2355.2038718597823,2040
4633,2018-08,5,1929.2636349613672,144.69477262210253,48.23159087403418,2073.9584075834696,2025
4634,2018-09,2,1472.811440558245,110.46085804186838,36.82028601395613,1583.2722986001133,2099
4635,2018-08,4,1066.2244614129227,79.9668346059692,26.655611535323068,1146.1912960188918,2029
4636,2018-04,5,691.6191174587747,51.871433809408096,17.29047793646937,743.4905512681828,2091
4637,2018-08,7,1897.8464953360296,142.3384871502022,47.44616238340075,2040.1849824862318,2083
4638,2018-12,9,2351.3170070589067,176.348775529418,58.78292517647267,2527.665782588325,2082
4639,2018-05,5,626.1824814404313,46.96368610803234,15.654562036010782,673.1461675484636,2020
4640,2018-07,5,1288.567366083232,96.6425524562424,32.2141841520808,1385.2099185394743,2003
4641,2018-04,4,1334.2317594119509,100.06738195589631,33.355793985298774,1434.2991413678471,2058
4642,2018-11,6,1580.0675045453672,118.50506284090254,39.50168761363418,1698.5725673862698,2067
4643,2018-02,7,1469.2591298308043,110.19443473731032,36.73147824577011,1579.4535645681146,2033
4644,2018-07,4,835.2141929570906,62.641064471781796,20.880354823927266,897.8552574288724,2053
4645,2018-10,5,1374.4749564563344,103.08562173422509,34.36187391140836,1477.5605781905595,2054
4646,2018-03,7,2327.64754718627,174.57356603897026,58.191188679656754,2502.22111322524,2058
4647,2018-03,8,1844.3739099848437,138.32804324886328,46.109347749621094,1982.701953233707,2051
4648,2018-10,5,1284.640119964375,96.34800899732811,32.11600299910938,1380.988128961703,2048
4649,2018-09,1,1444.6155258482695,108.3461644386202,36.11538814620674,1552.9616902868897,2049
4650,2018-02,2,555.2382580339255,41.64286935254441,13.880956450848139,596.8811273864699,2007
4651,2018-03,8,2252.743425583427,168.955756918757,56.31858563958568,2421.6991825021837,2052
4652,2018-01,7,1507.901918603222,113.09264389524164,37.69754796508055,1620.9945624984637,2035
4653,2018-07,8,1396.7835211946044,104.75876408959533,34.91958802986511,1501.5422852841998,2080
4654,2018-07,2,1479.7572414338406,110.98179310753804,36.99393103584602,1590.7390345413787,2039
4655,2018-02,0,837.7523250501275,62.831424378759564,20.943808126253188,900.5837494288871,2067
4656,2018-08,7,858.6267848923987,64.39700886692991,21.46566962230997,923.0237937593287,2097
4657,2018-02,8,1286.868333166672,96.5151249875004,32.171708329166805,1383.3834581541726,2009
4658,2018-08,0,1802.0171055482629,135.1512829161197,45.05042763870657,1937.1683884643826,2062
4659,2018-07,6,797.4896753408493,59.811725650563695,19.937241883521235,857.3014009914131,2026
4660,2018-08,2,562.2102551518726,42.165769136390445,14.055256378796816,604.376024288263,2035
4661,2018-07,2,969.8764464832306,72.74073348624229,24.246911162080764,1042.6171799694728,2091
4662,2018-10,0,1605.1091802323513,120.38318851742633,40.12772950580879,1725.4923687497776,2100
4663,2018-10,3,1258.8658030870147,94.4149352315261,31.471645077175367,1353.280738318541,2002
4664,2018-10,3,1010.4958145648548,75.78718609236411,25.26239536412137,1086.283000657219,2051
4665,2018-08,6,2011.3377064246176,150.8503279818463,50.28344266061544,2162.188034406464,2033
4666,2018-03,4,1393.407914877917,104.50559361584376,34.835197871947926,1497.9135084937607,2099
4667,2018-05,3,1318.7068981041893,98.90301735781419,32.96767245260474,1417.6099154620035,2039
4668,2018-12,0,2458.7487474127174,184.4061560559538,61.46871868531794,2643.1549034686714,2056
4669,2018-12,5,1770.6308203031517,132.79731152273638,44.26577050757879,1903.4281318258882,2087
4670,2018-07,8,2310.0253067731505,173.25189800798628,57.750632669328766,2483.277204781137,2088
4671,2018-10,1,1026.8781356865084,77.01586017648812,25.67195339216271,1103.8939958629965,2087
4672,2018-09,6,1170.062644772851,87.75469835796382,29.251566119321275,1257.8173431308148,2092
4673,2018-10,7,768.9513274842045,57.67134956131534,19.223783187105113,826.6226770455198,2013
4674,2018-02,1,1262.388762791184,94.6791572093388,31.559719069779604,1357.067920000523,2018
4675,2018-06,7,599.3705526791116,44.95279145093337,14.98426381697779,644.3233441300449,2081
4676,2018-05,5,2013.4676914442502,151.01007685831877,50.336692286106256,2164.477768302569,2005
4677,2018-08,3,1041.9297717823993,78.14473288367994,26.048244294559982,1120.0745046660793,2098
4678,2018-07,8,2006.7710195119248,150.50782646339437,50.169275487798124,2157.278845975319,2015
4679,2018-08,2,2236.565781984985,167.74243364887386,55.91414454962462,2404.3082156338587,2029
4680,2018-09,0,1905.738610646124,142.9303957984593,47.6434652661531,2048.6690064445834,2010
4681,2018-05,3,1157.2985116672457,86.79738837504343,28.932462791681147,1244.0959000422893,2088
4682,2018-03,2,626.8357246381644,47.012679347862324,15.67089311595411,673.8484039860267,2074
4683,2018-03,6,727.333524796475,54.55001435973562,18.183338119911877,781.8835391562106,2082
4684,2018-01,0,1972.5792772210775,147.9434457915808,49.31448193052694,2120.5227230126584,2089
4685,2018-09,0,2404.1461229686747,180.3109592226506,60.10365307421687,2584.4570821913253,2036
4686,2018-06,6,2006.4891422323326,150.48668566742495,50.16222855580832,2156.9758278997574,2091
4687,2018-06,3,1622.319918545113,121.67399389088348,40.55799796362783,1743.9939124359967,2094
4688,2018-11,8,745.2366719202188,55.89275039401641,18.63091679800547,801.1294223142352,2001
4689,2018-07,5,2299.9770897494145,172.49828173120608,57.49942724373537,2472.4753714806207,2089
4690,2018-03,9,782.0118034741222,58.650885260559164,19.550295086853055,840.6626887346813,2056
4691,2018-02,3,2089.2955302524942,156.69716476893706,52.23238825631236,2245.9926950214312,2038
4692,2018-04,5,1123.7847513967304,84.28385635475477,28.09461878491826,1208.0686077514852,2039
4693,2018-12,6,1645.8915337059136,123.44186502794352,41.14728834264784,1769.3333987338572,2062
4694,2018-03,7,1042.7007995834347,78.2025599687576,26.06751998958587,1120.9033595521923,2099
4695,2018-09,0,1775.0429499870916,133.12822124903187,44.37607374967729,1908.1711712361234,2080
4696,2018-06,1,1524.3737600830168,114.32803200622625,38.109344002075424,1638.701792089243,2020
4697,2018-12,3,970.6957382009158,72.80218036506868,24.267393455022898,1043.4979185659845,2050
4698,2018-03,2,747.4243228102382,56.056824210767864,18.685608070255956,803.4811470210061,2086
4699,2018-03,8,1148.0912349148966,86.10684261861725,28.702280872872418,1234.198077533514,2046
4700,2018-02,3,672.299666542981,50.42247499072357,16.807491663574524,722.7221415337045,2064
4701,2018-10,7,736.5742058165516,55.24306543624137,18.41435514541379,791.817271252793,2071
4702,2018-07,5,2275.1825124050324,170.6386884303774,56.87956281012581,2445.82120083541,2100
4703,2018-08,5,1209.1991871062123,90.68993903296592,30.229979677655308,1299.8891261391782,2097
4704,2018-06,2,1011.8698610906547,75.8902395817991,25.296746527266368,1087.7601006724537,2078
4705,2018-09,2,690.2229800345921,51.7667235025944,17.255574500864803,741.9897035371864,2021
4706,2018-04,9,1606.6564669380193,120.49923502035145,40.16641167345048,1727.1557019583709,2060
4707,2018-04,3,1251.7861354576817,93.88396015932612,31.294653386442043,1345.6700956170077,2001
4708,2018-11,2,720.377646643922,54.02832349829415,18.009441166098053,774.4059701422162,2091
4709,2018-08,9,2115.059004873911,158.6294253655433,52.876475121847776,2273.688430239454,2059
4710,2018-08,7,811.5338851699439,60.86504138774579,20.2883471292486,872.3989265576897,2002
4711,2018-03,9,815.8892140842402,61.19169105631801,20.397230352106007,877.0809051405581,2016
4712,2018-09,5,664.9246059870426,49.869345449028195,16.623115149676064,714.7939514360708,2064
4713,2018-02,3,2053.16666810805,153.98750010810375,51.32916670270126,2207.1541682161537,2045
4714,2018-02,0,1222.800403278505,91.71003024588786,30.570010081962625,1314.5104335243927,2053
4715,2018-09,8,1169.5577071214739,87.71682803411053,29.23894267803685,1257.2745351555843,2081
4716,2018-12,5,2249.113281146414,168.68349608598103,56.22783202866035,2417.796777232395,2031
4717,2018-04,3,751.5044617553781,56.36283463165336,18.787611543884452,807.8672963870315,2055
4718,2018-03,8,1824.8898233219822,136.86673674914866,45.62224558304956,1961.756560071131,2054
4719,2018-10,1,1402.6481379372058,105.19861034529043,35.066203448430144,1507.8467482824963,2078
4720,2018-06,0,672.3565589878114,50.42674192408585,16.808913974695283,722.7833009118972,2033
4721,2018-05,5,2269.379807260015,170.2034855445011,56.73449518150037,2439.583292804516,2016
4722,2018-02,6,502.7715778326023,37.70786833744517,12.569289445815059,540.4794461700475,2080
4723,2018-04,8,2273.475699881971,170.51067749114785,56.836892497049284,2443.986377373119,2043
4724,2018-03,3,778.9482302621682,58.42111726966261,19.473705756554207,837.3693475318308,2068
4725,2018-10,1,2109.9556406401625,158.24667304801218,52.748891016004066,2268.202313688175,2001
4726,2018-03,2,639.8915553155491,47.99186664866618,15.997288882888729,687.8834219642152,2043
4727,2018-01,3,1560.8078322610322,117.06058741957742,39.020195806525805,1677.8684196806096,2099
4728,2018-09,6,1133.0852769731066,84.98139577298299,28.327131924327666,1218.0666727460896,2071
4729,2018-05,0,1495.250951676398,112.14382137572984,37.381273791909955,1607.394773052128,2073
4730,2018-02,6,1227.1838197897614,92.0387864842321,30.679595494744035,1319.2226062739935,2035
4731,2018-11,6,1076.1856927506833,80.71392695630125,26.904642318767085,1156.8996197069846,2053
4732,2018-12,6,999.8612367275557,74.98959275456667,24.996530918188895,1074.8508294821224,2023
4733,2018-03,0,1825.5636028155072,136.91727021116304,45.63909007038768,1962.4808730266702,2071
4734,2018-08,9,2410.717139864291,180.80378548982182,60.267928496607276,2591.5209253541125,2023
4735,2018-10,0,1995.9862366303923,149.69896774727943,49.89965591575981,2145.6852043776717,2087
4736,2018-05,6,1833.9791340974064,137.54843505730548,45.84947835243516,1971.5275691547117,2003
4737,2018-02,0,2322.1206820882194,174.15905115661644,58.05301705220549,2496.279733244836,2017
4738,2018-03,7,2381.9705463301543,178.64779097476156,59.549263658253864,2560.6183373049157,2056
4739,2018-04,2,1274.6517534660136,95.59888150995101,31.866293836650343,1370.2506349759647,2074
4740,2018-03,8,1771.6410781160737,132.87308085870552,44.291026952901845,1904.514158974779,2038
4741,2018-03,6,1136.7673002321376,85.25754751741032,28.41918250580344,1222.024847749548,2058
4742,2018-04,0,1225.1495884385145,91.88621913288858,30.62873971096286,1317.035807571403,2048
4743,2018-07,5,981.3852420289995,73.60389315217496,24.53463105072499,1054.9891351811746,2008
4744,2018-10,2,2176.8324309461605,163.26243232096203,54.42081077365401,2340.0948632671225,2085
4745,2018-01,0,715.551778801125,53.66638341008437,17.888794470028127,769.2181622112093,2098
4746,2018-02,0,979.9999513119926,73.49999634839945,24.499998782799818,1053.499947660392,2087
4747,2018-04,6,2448.0782068221306,183.6058655116598,61.20195517055327,2631.6840723337905,2029
4748,2018-12,8,1990.1175651953986,149.2588173896549,49.752939129884965,2139.3763825850533,2076
4749,2018-07,2,826.628906668621,61.99716800014657,20.665722666715524,888.6260746687675,2011
4750,2018-09,8,1997.6852350879242,149.8263926315943,49.94213087719811,2147.5116277195184,2076
4751,2018-10,1,1215.5237255319407,91.16427941489555,30.38809313829852,1306.6880049468364,2050
4752,2018-02,9,1056.5014131125695,79.2376059834427,26.41253532781424,1135.7390190960123,2018
4753,2018-03,3,1374.9169557424245,103.11877168068183,34.37292389356062,1478.0357274231064,2057
4754,2018-12,9,1851.2638162737862,138.84478622053396,46.28159540684466,1990.1086024943202,2089
4755,2018-10,6,553.5469867672533,41.516024007544,13.838674669181334,595.0630107747974,2010
4756,2018-01,6,749.5367982794498,56.21525987095874,18.738419956986245,805.7520581504086,2013
4757,2018-03,3,1517.673291191882,113.82549683939115,37.941832279797055,1631.4987880312733,2003
4758,2018-07,0,950.6015735993217,71.29511801994913,23.765039339983044,1021.8966916192708,2018
4759,2018-07,0,810.1539997675914,60.76154998256935,20.253849994189785,870.9155497501607,2055
4760,2018-11,5,1223.424376473758,91.75682823553184,30.58560941184395,1315.18120470929,2017
4761,2018-02,3,852.7045341863077,63.95284006397307,21.317613354657695,916.6573742502808,2063
4762,2018-04,8,1490.259585223935,111.76946889179511,37.256489630598374,1602.02905411573,2096
4763,2018-12,7,2315.9352264092945,173.6951419806971,57.89838066023236,2489.6303683899914,2013
4764,2018-11,8,986.283795731066,73.97128467982995,24.65709489327665,1060.255080410896,2046
4765,2018-01,4,634.6090844410938,47.595681333082034,15.865227111027346,682.2047657741758,2033
4766,2018-08,8,1242.571671265183,93.19287534488873,31.064291781629578,1335.7645466100719,2068
4767,2018-02,6,1830.5470354317395,137.29102765738045,45.76367588579349,1967.83806308912,2072
4768,2018-04,7,2272.953288069263,170.47149660519474,56.823832201731584,2443.424784674458,2002
4769,2018-01,1,1261.31707052496,94.59878028937199,31.532926763124,1355.9158508143319,2058
4770,2018-09,0,1070.385820937202,80.27893657029014,26.759645523430052,1150.6647575074921,2001
4771,2018-02,5,743.5388859851143,55.76541644888358,18.588472149627858,799.3043024339979,2079
4772,2018-10,1,980.4990865391796,73.53743149043846,24.512477163479492,1054.036518029618,2012
4773,2018-02,0,522.9380560250263,39.22035420187697,13.073451400625657,562.1584102269032,2006
4774,2018-01,3,821.0287915481398,61.57715936611048,20.525719788703498,882.6059509142502,2044
4775,2018-12,9,2413.4102753283114,181.00577064962334,60.33525688320779,2594.4160459779346,2089
4776,2018-08,7,2030.0636348649753,152.25477261487313,50.75159087162439,2182.3184074798482,2100
4777,2018-01,6,1490.6252005882893,111.7968900441217,37.265630014707234,1602.422090632411,2008
4778,2018-03,9,816.371599282548,61.2278699461911,20.4092899820637,877.599469228739,2003
4779,2018-09,7,1038.4146546646864,77.88109909985148,25.960366366617162,1116.295753764538,2060
4780,2018-07,7,1888.7277475169906,141.6545810637743,47.21819368792477,2030.3823285807648,2017
4781,2018-08,2,1838.3171252937295,137.8737843970297,45.95792813234324,1976.1909096907593,2045
4782,2018-10,7,831.9168496292923,62.39376372219692,20.797921240732308,894.3106133514892,2071
4783,2018-02,3,2398.0031132017193,179.85023349012894,59.950077830042986,2577.8533466918484,2032
4784,2018-12,6,1041.2361048212865,78.09270786159648,26.030902620532164,1119.328812682883,2027
4785,2018-12,0,2083.527999618901,156.26459997141757,52.08819999047253,2239.792599590319,2061
4786,2018-04,0,1830.7989537822898,137.30992153367174,45.76997384455725,1968.1088753159615,2033
4787,2018-06,4,1067.5850893925112,80.06888170443834,26.689627234812782,1147.6539710969496,2098
4788,2018-02,4,2464.3397777060254,184.8254833279519,61.60849444265064,2649.1652610339775,2037
4789,2018-04,5,2034.894711311784,152.6171033483838,50.872367782794605,2187.511814660168,2002
4790,2018-10,2,1489.388175273174,111.70411314548805,37.23470438182935,1601.092288418662,2011
4791,2018-08,1,1841.733159154062,138.12998693655464,46.04332897885155,1979.8631460906165,2006
4792,2018-09,7,928.2670750943003,69.62003063207251,23.20667687735751,997.8871057263727,2076
4793,2018-10,6,830.3116556518437,62.27337417388827,20.757791391296095,892.5850298257319,2083
4794,2018-03,5,1045.7878061951978,78.43408546463984,26.144695154879948,1124.2218916598376,2008
4795,2018-03,5,2272.238135701586,170.41786017761896,56.80595339253966,2442.655995879205,2035
4796,2018-10,4,2200.0802355026135,165.006017662696,55.00200588756534,2365.0862531653097,2094
4797,2018-07,3,1600.9139869960698,120.06854902470522,40.02284967490175,1720.982536020775,2069
4798,2018-07,6,2208.194935628241,165.6146201721181,55.204873390706034,2373.8095558003592,2007
4799,2018-04,5,1244.240094471399,93.31800708535492,31.106002361784977,1337.558101556754,2090
4800,2018-02,6,931.7701051528959,69.88275788646719,23.2942526288224,1001.6528630393631,2060
4801,2018-12,4,1608.0917607345953,120.60688205509464,40.20229401836488,1728.69864278969,2058
4802,2018-12,0,2178.747887252008,163.40609154390057,54.4686971813002,2342.153978795908,2066
4803,2018-06,5,1053.855775265918,79.03918314494385,26.346394381647954,1132.8949584108618,2047
4804,2018-08,4,1665.8481482097977,124.93861111573483,41.64620370524494,1790.7867593255326,2045
4805,2018-05,0,2111.5335215724467,158.3650141179335,52.78833803931117,2269.8985356903804,2023
4806,2018-01,9,1757.010472884344,131.7757854663258,43.9252618221086,1888.7862583506696,2041
4807,2018-07,9,1472.7051459107151,110.45288594330363,36.81762864776788,1583.1580318540189,2029
4808,2018-06,3,1838.2995797120136,137.872468478401,45.95748949280034,1976.1720481904147,2100
4809,2018-01,4,1260.9333357999276,94.57000018499457,31.52333339499819,1355.5033359849222,2015
4810,2018-05,0,1476.5154953355584,110.73866215016687,36.91288738338896,1587.2541574857253,2023
4811,2018-12,6,1830.7129885867607,137.30347414400705,45.76782471466902,1968.0164627307677,2013
4812,2018-08,6,880.2874105308044,66.02155578981034,22.007185263270113,946.3089663206148,2078
4813,2018-11,5,1894.0225789952212,142.0516934246416,47.350564474880535,2036.0742724198628,2025
4814,2018-02,5,2223.462115918336,166.7596586938752,55.586552897958406,2390.2217746122114,2004
4815,2018-05,5,672.8312313519731,50.46234235139798,16.82078078379933,723.2935737033711,2012
4816,2018-11,6,1570.4195055148398,117.78146291361298,39.260487637870995,1688.2009684284528,2079
4817,2018-01,5,2353.2950314710642,176.4971273603298,58.83237578677661,2529.792158831394,2035
4818,2018-10,8,2131.498613263266,159.86239599474496,53.28746533158166,2291.361009258011,2009
4819,2018-11,7,2278.836393470663,170.91272951029973,56.97090983676658,2449.749122980963,2056
4820,2018-05,0,1689.0979345991855,126.68234509493891,42.22744836497964,1815.7802796941244,2036
4821,2018-08,8,1094.142326584721,82.06067449385408,27.35355816461803,1176.2030010785752,2053
4822,2018-05,9,2427.3380253781397,182.05035190336048,60.68345063445349,2609.3883772815,2020
4823,2018-07,0,1053.0744428320168,78.98058321240126,26.32686107080042,1132.055026044418,2023
4824,2018-12,3,1020.9473849032962,76.57105386774721,25.523684622582408,1097.5184387710435,2061
4825,2018-07,9,2081.5101059621657,156.11325794716242,52.03775264905414,2237.623363909328,2080
4826,2018-04,7,2421.191167186735,181.58933753900513,60.52977917966838,2602.7805047257402,2035
4827,2018-10,9,1594.5741464564205,119.59306098423153,39.86435366141052,1714.167207440652,2042
4828,2018-07,1,2375.330887823398,178.14981658675484,59.38327219558495,2553.4807044101526,2021
4829,2018-12,1,765.489435778678,57.41170768340084,19.13723589446695,822.9011434620788,2069
4830,2018-09,2,1979.8311064313416,148.4873329823506,49.495777660783546,2128.3184394136924,2036
4831,2018-10,4,1908.5524053838471,143.14143040378852,47.71381013459618,2051.6938357876356,2090
4832,2018-01,4,1256.8697122334881,94.26522841751161,31.421742805837205,1351.1349406509999,2003
4833,2018-06,3,1093.5479314776312,82.01609486082234,27.338698286940783,1175.5640263384535,2018
4834,2018-03,2,1126.2169436186973,84.46627077140229,28.155423590467436,1210.6832143900997,2079
4835,2018-08,5,1258.5331964245547,94.3899897318416,31.46332991061387,1352.9231861563962,2025
4836,2018-11,5,2013.7237129887972,151.02927847415978,50.34309282471993,2164.7529914629567,2100
4837,2018-09,6,1608.08878681551,120.60665901116325,40.202219670387755,1728.6954458266732,2070
4838,2018-03,8,1048.222894789796,78.6167171092347,26.205572369744903,1126.8396118990308,2021
4839,2018-07,4,1014.387905130569,76.07909288479267,25.35969762826423,1090.4669980153617,2036
4840,2018-07,7,2214.030477903345,166.05228584275088,55.35076194758363,2380.0827637460957,2032
4841,2018-03,7,2418.7878637858707,181.4090897839403,60.46969659464677,2600.196953569811,2072
4842,2018-07,7,885.0384794439434,66.37788595829575,22.125961986098588,951.4163654022392,2068
4843,2018-07,9,1515.9714334564087,113.69785750923064,37.89928583641022,1629.6692909656394,2050
4844,2018-09,1,1889.175904810615,141.68819286079614,47.22939762026538,2030.8640976714112,2080
4845,2018-07,6,1269.2728453404504,95.19546340053378,31.73182113351126,1364.4683087409842,2070
4846,2018-07,2,1284.5387875204292,96.34040906403219,32.11346968801073,1380.8791965844614,2082
4847,2018-02,8,1252.595812185276,93.9446859138957,31.3148953046319,1346.5404980991716,2100
4848,2018-09,8,1390.8566605574229,104.31424954180672,34.77141651393557,1495.1709100992296,2060
4849,2018-06,8,2334.6828381362566,175.10121286021925,58.36707095340642,2509.784050996476,2061
4850,2018-04,5,2359.0024450816936,176.92518338112703,58.975061127042345,2535.927628462821,2003
4851,2018-05,1,1567.7234118930985,117.57925589198238,39.193085297327464,1685.302667785081,2029
4852,2018-08,3,920.8295266031863,69.06221449523898,23.02073816507966,989.8917410984253,2072
4853,2018-09,6,557.0229104392637,41.77671828294478,13.925572760981593,598.7996287222085,2010
4854,2018-04,6,1171.0106886095355,87.82580164571516,29.275267215238387,1258.8364902552507,2088
4855,2018-02,0,1035.3636536520712,77.65227402390533,25.884091341301783,1113.0159276759766,2066
4856,2018-10,5,1498.4420033229876,112.38315024922407,37.46105008307469,1610.8251535722118,2083
4857,2018-03,1,869.9075162612362,65.24306371959271,21.747687906530906,935.1505799808289,2073
4858,2018-01,5,1328.9763162545785,99.67322371909339,33.22440790636446,1428.6495399736718,2097
4859,2018-04,5,1461.10105508601,109.58257913145076,36.52752637715025,1570.6836342174608,2002
4860,2018-08,4,945.7153693239915,70.92865269929936,23.64288423309979,1016.6440220232909,2021
4861,2018-06,8,779.4943523201936,58.46207642401451,19.487358808004842,837.9564287442081,2042
4862,2018-05,9,2155.3591165636326,161.65193374227243,53.88397791409082,2317.011050305905,2011
4863,2018-05,5,2316.8576156261865,173.76432117196399,57.921440390654666,2490.6219367981507,2074
4864,2018-11,3,505.16586247860306,37.88743968589523,12.629146561965078,543.0533021644983,2047
4865,2018-02,0,2432.25795320456,182.419346490342,60.80644883011401,2614.677299694902,2056
4866,2018-10,9,2388.639335727329,179.14795017954967,59.71598339318323,2567.787285906879,2031
4867,2018-02,8,1842.9072721088733,138.2180454081655,46.07268180272183,1981.1253175170386,2087
4868,2018-04,5,2475.6522022064883,185.67391516548662,61.891305055162206,2661.3261173719748,2013
4869,2018-04,7,625.3881384537332,46.904110384029984,15.63470346134333,672.2922488377632,2061
4870,2018-09,3,2295.7046824784034,172.17785118588026,57.39261706196009,2467.8825336642835,2085
4871,2018-10,3,711.7621046621106,53.38215784965829,17.794052616552765,765.1442625117688,2018
4872,2018-04,7,2003.199199324238,150.23993994931783,50.07997998310595,2153.4391392735556,2052
4873,2018-05,8,1154.1829484115883,86.56372113086913,28.85457371028971,1240.7466695424575,2093
4874,2018-03,1,1868.3418333595507,140.1256375019663,46.70854583398877,2008.467470861517,2076
4875,2018-10,5,809.6752695849942,60.72564521887456,20.24188173962486,870.4009148038688,2087
4876,2018-10,8,1538.5010457122612,115.38757842841959,38.46252614280653,1653.8886241406808,2092
4877,2018-10,8,2101.0443342141944,157.57832506606456,52.526108355354864,2258.622659280259,2050
4878,2018-01,0,758.5651609321316,56.892387069909866,18.96412902330329,815.4575480020414,2016
4879,2018-04,7,681.5877047577188,51.11907785682891,17.039692618942972,732.7067826145477,2051
4880,2018-03,8,1658.1579191404467,124.3618439355335,41.45394797851117,1782.51976307598,2092
4881,2018-06,5,1383.6075742088615,103.7705680656646,34.59018935522154,1487.378142274526,2045
4882,2018-02,4,1607.3965544618643,120.55474158463981,40.18491386154661,1727.951296046504,2069
4883,2018-12,0,2497.8865007672625,187.3414875575447,62.44716251918157,2685.227988324807,2045
4884,2018-01,6,1429.6617461974042,107.22463096480531,35.74154365493511,1536.8863771622096,2060
4885,2018-02,6,2018.1339720106923,151.36004790080193,50.45334930026731,2169.4940199114944,2082
4886,2018-09,8,2294.3123127407407,172.07342345555554,57.35780781851852,2466.3857361962964,2067
4887,2018-07,4,2189.1820566373526,164.18865424780145,54.72955141593382,2353.370710885154,2016
4888,2018-08,0,1677.5159334125613,125.8136950059421,41.93789833531403,1803.3296284185033,2022
4889,2018-08,7,1828.2380860410594,137.11785645307944,45.70595215102649,1965.3559424941388,2024
4890,2018-07,4,508.74386232860337,38.15578967464525,12.718596558215085,546.8996520032487,2048
4891,2018-08,6,597.5445203422119,44.81583902566589,14.938613008555297,642.3603593678778,2068
4892,2018-06,6,1087.9535783536066,81.59651837652049,27.19883945884017,1169.550096730127,2026
4893,2018-04,9,1419.5950101861274,106.46962576395956,35.489875254653185,1526.064635950087,2027
4894,2018-04,0,2254.7141958027673,169.10356468520754,56.367854895069186,2423.8177604879747,2023
4895,2018-02,7,1165.704805167145,87.42786038753587,29.142620129178624,1253.132665554681,2085
4896,2018-09,9,601.6956043889079,45.12717032916809,15.042390109722698,646.822774718076,2067
4897,2018-09,8,2024.1154090087339,151.80865567565505,50.60288522521835,2175.924064684389,2093
4898,2018-02,5,1283.8081387467323,96.28561040600492,32.09520346866831,1380.0937491527372,2099
4899,2018-08,4,1796.1860070848788,134.7139505313659,44.90465017712197,1930.8999576162448,2033
4900,2018-09,2,1479.6016434304943,110.97012325728707,36.99004108576236,1590.5717666877813,2068
4901,2018-12,1,1927.3077803612375,144.5480835270928,48.18269450903094,2071.8558638883305,2019
4902,2018-02,2,716.1020321731623,53.70765241298717,17.90255080432906,769.8096845861495,2017
4903,2018-03,0,2248.0457905906233,168.60343429429673,56.20114476476559,2416.64922488492,2057
4904,2018-12,4,610.3686037066627,45.7776452779997,15.259215092666569,656.1462489846624,2031
4905,2018-12,8,744.1720794144306,55.8129059560823,18.604301985360767,799.984985370513,2055
4906,2018-07,0,1859.8167556196552,139.48625667147414,46.49541889049138,1999.3030122911293,2069
4907,2018-08,1,1306.178061502296,97.9633546126722,32.6544515375574,1404.1414161149683,2088
4908,2018-07,6,1717.502459349619,128.8126844512214,42.937561483740474,1846.3151438008404,2028
4909,2018-05,3,2007.6127352704736,150.57095514528552,50.19031838176184,2158.183690415759,2056
4910,2018-06,3,1147.7989361361706,86.08492021021279,28.694973403404266,1233.8838563463835,2008
4911,2018-03,9,2358.0652895063754,176.85489671297816,58.95163223765939,2534.9201862193536,2004
4912,2018-05,7,1301.0120463936555,97.57590347952416,32.52530115984139,1398.5879498731797,2075
4913,2018-07,8,1266.6259839423365,94.99694879567524,31.665649598558414,1361.6229327380117,2073
4914,2018-03,0,1068.5892378970525,80.14419284227894,26.714730947426315,1148.7334307393314,2067
4915,2018-08,0,1180.6897689411016,88.55173267058262,29.51724422352754,1269.2415016116843,2091
4916,2018-02,1,1847.9728605074035,138.59796453805527,46.19932151268509,1986.5708250454588,2075
4917,2018-03,2,933.9720107644824,70.04790080733618,23.349300269112064,1004.0199115718186,2023
4918,2018-05,0,1255.1230484360563,94.13422863270422,31.37807621090141,1349.2572770687605,2054
4919,2018-07,7,1150.7807367438613,86.3085552557896,28.769518418596533,1237.0892919996509,2080
4920,2018-04,2,980.7013395143192,73.55260046357394,24.517533487857982,1054.2539399778932,2078
4921,2018-01,1,1503.251130536871,112.74383479026532,37.58127826342177,1615.9949653271362,2082
4922,2018-05,7,2286.9567263405215,171.5217544755391,57.17391815851304,2458.4784808160607,2012
4923,2018-02,7,1379.0330857574004,103.42748143180502,34.475827143935014,1482.4605671892054,2048
4924,2018-10,5,2499.011008864635,187.42582566484762,62.47527522161588,2686.436834529483,2070
4925,2018-11,9,1425.072806047581,106.88046045356857,35.62682015118953,1531.9532665011495,2016
4926,2018-11,3,2069.9088600171426,155.2431645012857,51.74772150042857,2225.1520245184283,2059
4927,2018-12,2,2495.124115107098,187.13430863303236,62.378102877677456,2682.2584237401306,2096
4928,2018-12,3,2198.8887176290973,164.9166538221823,54.97221794072743,2363.80537145128,2100
4929,2018-09,3,556.1072573344265,41.70804430008199,13.902681433360664,597.8153016345085,2033
4930,2018-04,1,554.0447710453476,41.55335782840107,13.85111927613369,595.5981288737487,2060
4931,2018-09,4,1080.7568889664335,81.05676667248251,27.01892222416084,1161.813655638916,2083
4932,2018-09,6,1554.5819199237626,116.59364399428219,38.86454799809407,1671.1755639180449,2013
4933,2018-03,8,2187.925930324858,164.09444477436435,54.698148258121456,2352.0203750992227,2086
4934,2018-10,2,1832.2587706275376,137.4194077970653,45.80646926568844,1969.678178424603,2088
4935,2018-09,3,1776.2225417160964,133.21669062870723,44.405563542902414,1909.4392323448037,2006
4936,2018-08,4,1838.0966363676573,137.8572477275743,45.95241590919144,1975.9538840952316,2075
4937,2018-12,6,2237.9004657901087,167.84253493425814,55.94751164475272,2405.743000724367,2053
4938,2018-11,9,1767.0353824119506,132.5276536808963,44.17588456029877,1899.563036092847,2087
4939,2018-07,6,1226.9511769611095,92.02133827208321,30.67377942402774,1318.9725152331928,2040
4940,2018-12,6,1928.4854009443682,144.6364050708276,48.21213502360921,2073.121806015196,2036
4941,2018-06,5,1894.8053347720909,142.1104001079068,47.37013336930227,2036.9157348799977,2074
4942,2018-04,2,1097.7458284862428,82.33093713646821,27.44364571215607,1180.076765622711,2091
4943,2018-08,0,1680.4124406365918,126.03093304774438,42.010311015914795,1806.4433736843362,2026
4944,2018-08,5,1697.8574274848534,127.339307061364,42.44643568712134,1825.1967345462174,2058
4945,2018-12,8,946.5158801238689,70.98869100929016,23.662897003096724,1017.5045711331591,2048
4946,2018-08,0,1020.5367826160394,76.54025869620295,25.513419565400987,1097.0770413122423,2040
4947,2018-10,1,2177.058891182267,163.27941683867002,54.42647227955668,2340.338308020937,2084
4948,2018-01,9,2199.8367675777845,164.98775756833382,54.99591918944461,2364.8245251461185,2044
4949,2018-03,1,1402.0165764604985,105.15124323453739,35.05041441151246,1507.1678196950359,2077
4950,2018-08,6,1433.7742421889684,107.53306816417263,35.84435605472421,1541.307310353141,2066
4951,2018-12,2,1172.456390940958,87.93422932057184,29.311409773523952,1260.3906202615299,2003
4952,2018-02,6,1947.5341575457146,146.0650618159286,48.68835393864287,2093.599219361643,2025
4953,2018-08,3,733.5118378578753,55.013387839340645,18.337795946446885,788.525225697216,2053
4954,2018-03,5,2174.330633140058,163.07479748550435,54.35826582850146,2337.4054306255625,2002
4955,2018-04,3,697.8497054264672,52.338727906985035,17.44624263566168,750.1884333334522,2017
4956,2018-01,4,1898.0871142611832,142.35653356958872,47.45217785652958,2040.4436478307719,2078
4957,2018-12,4,2099.558735645226,157.46690517339195,52.488968391130655,2257.025640818618,2007
4958,2018-05,2,1348.7229542137006,101.15422156602754,33.71807385534252,1449.877175779728,2091
4959,2018-02,8,580.0162542480474,43.501219068603554,14.500406356201186,623.5174733166509,2020
4960,2018-05,5,2134.1162970625337,160.05872227969002,53.35290742656335,2294.1750193422235,2026
4961,2018-02,0,636.4096407919515,47.73072305939636,15.910241019798788,684.1403638513478,2086
4962,2018-11,8,1445.328564699258,108.39964235244436,36.13321411748145,1553.7282070517024,2048
4963,2018-09,1,1204.8916751151505,90.36687563363628,30.122291877878766,1295.2585507487868,2028
4964,2018-01,2,1710.7693398157512,128.30770048618135,42.769233495393784,1839.0770403019326,2087
4965,2018-12,9,1374.2300745132602,103.06725558849452,34.355751862831504,1477.2973301017548,2088
4966,2018-02,1,2120.111683986454,159.00837629898405,53.00279209966135,2279.120060285438,2011
4967,2018-08,4,2262.4348712845904,169.68261534634428,56.56087178211476,2432.1174866309348,2090
4968,2018-07,9,891.2617551368255,66.8446316352619,22.28154387842064,958.1063867720874,2003
4969,2018-04,1,1808.731364894983,135.6548523671237,45.21828412237458,1944.3862172621068,2065
4970,2018-01,5,1380.245722227217,103.51842916704126,34.506143055680425,1483.764151394258,2047
4971,2018-02,6,1411.0099661906238,105.82574746429678,35.275249154765596,1516.8357136549205,2008
4972,2018-07,3,942.7930308695005,70.70947731521254,23.569825771737513,1013.5025081847131,2071
4973,2018-07,3,1551.0654295101624,116.32990721326217,38.77663573775406,1667.3953367234246,2017
4974,2018-03,4,1283.3385381264561,96.2503903594842,32.08346345316141,1379.5889284859404,2036
4975,2018-07,6,1994.3770671366844,149.57828003525134,49.859426678417115,2143.955347171936,2046
4976,2018-05,5,1540.5400235255006,115.54050176441254,38.51350058813752,1656.080525289913,2084
4977,2018-08,5,1772.0088524977664,132.90066393733247,44.300221312444165,1904.9095164350988,2029
4978,2018-10,8,2377.8211896088196,178.33658922066147,59.44552974022049,2556.1577788294812,2009
4979,2018-07,8,759.4113287785367,56.95584965839025,18.98528321946342,816.3671784369269,2082
4980,2018-04,1,2120.6019802718697,159.04514852039023,53.01504950679674,2279.64712879226,2082
4981,2018-03,3,574.3294584262679,43.074709381970095,14.358236460656698,617.4041678082381,2025
4982,2018-10,5,1351.4853870865536,101.36140403149152,33.78713467716384,1452.846791118045,2100
4983,2018-08,0,1532.6809164509086,114.95106873381815,38.317022911272716,1647.6319851847268,2083
4984,2018-02,3,2401.349511050922,180.10121332881914,60.03373777627306,2581.450724379741,2089
4985,2018-04,8,1995.7590912090748,149.6819318406806,49.89397728022687,2145.441023049755,2002
4986,2018-02,0,1333.9812371339553,100.04859278504665,33.349530928348884,1434.029829919002,2058
4987,2018-06,2,2046.990797344227,153.52430980081704,51.17476993360568,2200.515107145044,2051
4988,2018-06,3,1771.4249356581772,132.85687017436328,44.285623391454436,1904.2818058325406,2076
4989,2018-10,7,1317.3696543232932,98.80272407424698,32.93424135808233,1416.1723783975401,2058
4990,2018-07,6,1002.1366839925663,75.16025129944246,25.05341709981416,1077.2969352920088,2028
4991,2018-08,0,2184.593885386251,163.8445414039688,54.61484713465627,2348.4384267902196,2025
4992,2018-05,3,2313.205592698653,173.49041945239898,57.83013981746633,2486.696012151052,2078
4993,2018-08,4,1406.705587297609,105.50291904732067,35.16763968244023,1512.2085063449297,2076
4994,2018-07,4,1268.6667141193848,95.15000355895386,31.71666785298462,1363.8167176783386,2031
4995,2018-10,7,1736.4031337815711,130.23023503361782,43.41007834453928,1866.633368815189,2024
4996,2018-06,4,1008.3249098857634,75.62436824143225,25.20812274714409,1083.9492781271956,2084
4997,2018-08,3,2413.185345011633,180.98890087587247,60.32963362529083,2594.1742458875055,2065
4998,2018-09,6,1829.7119030360673,137.22839272770503,45.74279757590168,1966.9402957637724,2066
4999,2018-10,1,1599.4182292491582,119.95636719368686,39.98545573122896,1719.3745964428451,2005
